symbol,date,open,high,low,close,volume,adjusted
NVDA,2022-01-03,29.815000534057617,30.711000442504883,29.78499984741211,30.121000289916992,391547000,30.062763214111328
NVDA,2022-01-04,30.277000427246094,30.468000411987305,28.349000930786133,29.290000915527344,527154000,29.233367919921875
NVDA,2022-01-05,28.948999404907227,29.416000366210938,27.533000946044922,27.604000091552734,498064000,27.550634384155273
NVDA,2022-01-06,27.639999389648438,28.437999725341797,27.065000534057617,28.17799949645996,454186000,28.12352180480957
NVDA,2022-01-07,28.141000747680664,28.422000885009766,27.05699920654297,27.246999740600586,409939000,27.19432258605957
NVDA,2022-01-10,26.58099937438965,27.4689998626709,25.643999099731445,27.399999618530273,594681000,27.347026824951172
NVDA,2022-01-11,27.322999954223633,28.065000534057617,26.839000701904297,27.816999435424805,404089000,27.76321792602539
NVDA,2022-01-12,28.066999435424805,28.594999313354492,27.607999801635742,27.999000549316406,383413000,27.944868087768555
NVDA,2022-01-13,28.378999710083008,28.479999542236328,26.49799919128418,26.575000762939453,540171000,26.523622512817383
NVDA,2022-01-14,26.299999237060547,27.19700050354004,26.209999084472656,26.941999435424805,395832000,26.889911651611328
NVDA,2022-01-18,26.260000228881836,26.63800048828125,25.770000457763672,25.902999877929688,424270000,25.852920532226562
NVDA,2022-01-19,26.07900047302246,26.542999267578125,25.052000045776367,25.066999435424805,488315000,25.018535614013672
NVDA,2022-01-20,25.304000854492188,25.57900047302246,24.077999114990234,24.149999618530273,435181000,24.103309631347656
NVDA,2022-01-21,23.506999969482422,24.822999954223633,23.26300048828125,23.374000549316406,718958000,23.32880973815918
NVDA,2022-01-24,22.329999923706055,23.3799991607666,20.88800048828125,23.371999740600586,913982000,23.326812744140625
NVDA,2022-01-25,22.54599952697754,22.94300079345703,22,22.323999404907227,664616000,22.28083610534668
NVDA,2022-01-26,23.239999771118164,24.05699920654297,22.299999237060547,22.77199935913086,755959000,22.727970123291016
NVDA,2022-01-27,23.56800079345703,23.9950008392334,21.674999237060547,21.944000244140625,573353000,21.901575088500977
NVDA,2022-01-28,22.011999130249023,22.857999801635742,21.29599952697754,22.84000015258789,543774000,22.795839309692383
NVDA,2022-01-31,23.18199920654297,24.509000778198242,23.052000045776367,24.486000061035156,564680000,24.438661575317383
NVDA,2022-02-01,25.104000091552734,25.145000457763672,23.889999389648438,24.63800048828125,518925000,24.590364456176758
NVDA,2022-02-02,25.79400062561035,25.816999435424805,24.55299949645996,25.242000579833984,543419000,25.19319725036621
NVDA,2022-02-03,24.45800018310547,25.07699966430664,23.780000686645508,23.947999954223633,410178000,23.901700973510742
NVDA,2022-02-04,23.972000122070312,24.635000228881836,23.631999969482422,24.319000244140625,354829000,24.271984100341797
NVDA,2022-02-07,24.371999740600586,25.18199920654297,24.20199966430664,24.72800064086914,376868000,24.680192947387695
NVDA,2022-02-08,24.358999252319336,25.229999542236328,23.979999542236328,25.107999801635742,410359000,25.0594539642334
NVDA,2022-02-09,25.621999740600586,26.725000381469727,25.35300064086914,26.704999923706055,524282000,26.65336799621582
NVDA,2022-02-10,25.9950008392334,26.924999237060547,25.600000381469727,25.823999404907227,513200000,25.774070739746094
NVDA,2022-02-11,25.916000366210938,26.152000427246094,23.773000717163086,23.948999404907227,605472000,23.902700424194336
NVDA,2022-02-14,23.93400001525879,24.875,23.7549991607666,24.267000198364258,440424000,24.220083236694336
NVDA,2022-02-15,24.948999404907227,26.545000076293945,24.784000396728516,26.4950008392334,699869000,26.44377899169922
NVDA,2022-02-16,26.259000778198242,26.582000732421875,25.552000045776367,26.51099967956543,732676000,26.45974349975586
NVDA,2022-02-17,25.6299991607666,25.78499984741211,24.165000915527344,24.506999969482422,810595000,24.459617614746094
NVDA,2022-02-18,24.667999267578125,24.986000061035156,23.100000381469727,23.642000198364258,761255000,23.596288681030273
NVDA,2022-02-22,23.03499984741211,24.06399917602539,23,23.389999389648438,633422000,23.344778060913086
NVDA,2022-02-23,23.802000045776367,24.155000686645508,22.301000595092773,22.386999130249023,566511000,22.343719482421875
NVDA,2022-02-24,21.014999389648438,23.799999237060547,20.889999389648438,23.74799919128418,735801000,23.70208740234375
NVDA,2022-02-25,23.72100067138672,24.216999053955078,23.381000518798828,24.156999588012695,528866000,24.11029624938965
NVDA,2022-02-28,23.992000579833984,24.665000915527344,23.707000732421875,24.385000228881836,477319000,24.337852478027344
NVDA,2022-03-01,24.291000366210938,24.37700080871582,23.131999969482422,23.476999282836914,412056000,23.431610107421875
NVDA,2022-03-02,23.756000518798828,24.409000396728516,23.415000915527344,24.219999313354492,389642000,24.177288055419922
NVDA,2022-03-03,24.261999130249023,24.326000213623047,23.4689998626709,23.714000701904297,365095000,23.67218780517578
NVDA,2022-03-04,23.384000778198242,23.68000030517578,22.48200035095215,22.93600082397461,431415000,22.895559310913086
NVDA,2022-03-07,22.816999435424805,23.033000946044922,21.329999923706055,21.351999282836914,450821000,21.314353942871094
NVDA,2022-03-08,21.30900001525879,22.37299919128418,20.649999618530273,21.513999938964844,557467000,21.4760684967041
NVDA,2022-03-09,22.386999130249023,23.219999313354492,22.246999740600586,23.013999938964844,492742000,22.97341537475586
NVDA,2022-03-10,22.5310001373291,22.788000106811523,21.881999969482422,22.658000946044922,428066000,22.6180477142334
NVDA,2022-03-11,23.02199935913086,23.145000457763672,22.04599952697754,22.100000381469727,367209000,22.06103515625
NVDA,2022-03-14,21.868999481201172,22.261999130249023,21.159000396728516,21.329999923706055,385354000,21.292388916015625
NVDA,2022-03-15,21.51799964904785,23.038000106811523,21.32200050354004,22.972999572753906,491996000,22.9324893951416
NVDA,2022-03-16,23.5,24.597000122070312,23.172000885009766,24.496000289916992,671422000,24.452804565429688
NVDA,2022-03-17,24.1200008392334,24.841999053955078,23.9060001373291,24.766000747680664,471941000,24.722333908081055
NVDA,2022-03-18,24.798999786376953,26.569000244140625,24.624000549316406,26.452999114990234,730719000,26.406354904174805
NVDA,2022-03-21,26.506999969482422,27.152000427246094,25.966999053955078,26.733999252319336,591727000,26.686861038208008
NVDA,2022-03-22,26.726999282836914,27.238000869750977,26.07200050354004,26.52400016784668,547007000,26.47722816467285
NVDA,2022-03-23,26.125999450683594,26.61199951171875,25.575000762939453,25.634000778198242,502120000,25.588794708251953
NVDA,2022-03-24,26.166000366210938,28.31999969482422,25.906999588012695,28.149999618530273,877379000,28.100364685058594
NVDA,2022-03-25,27.88599967956543,28.357999801635742,27.270999908447266,27.691999435424805,579016000,27.643169403076172
NVDA,2022-03-28,27.756000518798828,28.25,27.20599937438965,28.2189998626709,425494000,28.16924285888672
NVDA,2022-03-29,28.69499969482422,28.945999145507812,27.979999542236328,28.6560001373291,488984000,28.605466842651367
NVDA,2022-03-30,28.304000854492188,28.496000289916992,27.503000259399414,27.690000534057617,463487000,27.64117431640625
NVDA,2022-03-31,27.781999588012695,28.24799919128418,27.270000457763672,27.285999298095703,523440000,27.23788833618164
NVDA,2022-04-01,27.375,27.496000289916992,26.267000198364258,26.711999893188477,517235000,26.664897918701172
NVDA,2022-04-04,26.72800064086914,27.558000564575195,26.613000869750977,27.360000610351562,397120000,27.311758041381836
NVDA,2022-04-05,27.253999710083008,27.319000244140625,25.81999969482422,25.930999755859375,436615000,25.885276794433594
NVDA,2022-04-06,24.93400001525879,25.299999237060547,24.003000259399414,24.406999588012695,703833000,24.363962173461914
NVDA,2022-04-07,24.44099998474121,24.722000122070312,23.47800064086914,24.20800018310547,557992000,24.165311813354492
NVDA,2022-04-08,23.91699981689453,23.92300033569336,23.062000274658203,23.118999481201172,524781000,23.078235626220703
NVDA,2022-04-11,22.214000701904297,22.31999969482422,21.65999984741211,21.91699981689453,575207000,21.878355026245117
NVDA,2022-04-12,22.53700065612793,22.725000381469727,21.281999588012695,21.503999710083008,662258000,21.466079711914062
NVDA,2022-04-13,21.72800064086914,22.5,21.454999923706055,22.202999114990234,516943000,22.163846969604492
NVDA,2022-04-14,22.5049991607666,22.777000427246094,21.163000106811523,21.257999420166016,569097000,21.22051239013672
NVDA,2022-04-18,21.200000762939453,22.08799934387207,21.07900047302246,21.783000946044922,525701000,21.74458885192871
NVDA,2022-04-19,21.719999313354492,22.37299919128418,21.31399917602539,22.197999954223633,512781000,22.158859252929688
NVDA,2022-04-20,22.517000198364258,22.670000076293945,21.200000762939453,21.48200035095215,468974000,21.444116592407227
NVDA,2022-04-21,21.708999633789062,22.392000198364258,20,20.183000564575195,656209000,20.147409439086914
NVDA,2022-04-22,20.30299949645996,20.486000061035156,19.5,19.514999389648438,624713000,19.4805850982666
NVDA,2022-04-25,19.20199966430664,19.94499969482422,19.09600067138672,19.902000427246094,641566000,19.86690902709961
NVDA,2022-04-26,19.718000411987305,19.788000106811523,18.670000076293945,18.788000106811523,653143000,18.75487518310547
NVDA,2022-04-27,18.597999572753906,19.16699981689453,18.290000915527344,18.415000915527344,499460000,18.382532119750977
NVDA,2022-04-28,18.966999053955078,20.03700065612793,18.489999771118164,19.781999588012695,570327000,19.74711799621582
NVDA,2022-04-29,19.402000427246094,20.128000259399414,18.517000198364258,18.547000885009766,500435000,18.51429557800293
NVDA,2022-05-02,18.541000366210938,19.573999404907227,18.391000747680664,19.533000946044922,572049000,19.498559951782227
NVDA,2022-05-03,19.399999618530273,19.825000762939453,19.132999420166016,19.601999282836914,475751000,19.56743812561035
NVDA,2022-05-04,19.92300033569336,20.399999618530273,18.750999450683594,20.333999633789062,648855000,20.29814910888672
NVDA,2022-05-05,19.867000579833984,19.924999237060547,18.5,18.8439998626709,626331000,18.810771942138672
NVDA,2022-05-06,18.736000061035156,19.511999130249023,17.989999771118164,18.674999237060547,633297000,18.642070770263672
NVDA,2022-05-09,18.034000396728516,18.2549991607666,16.82699966430664,16.950000762939453,644455000,16.92011260986328
NVDA,2022-05-10,17.68899917602539,18.197999954223633,17.024999618530273,17.594999313354492,761474000,17.563974380493164
NVDA,2022-05-11,17.347000122070312,17.753000259399414,16.56800079345703,16.6299991607666,670167000,16.600675582885742
NVDA,2022-05-12,16.2189998626709,16.788000106811523,15.567000389099121,16.174999237060547,708728000,16.1464786529541
NVDA,2022-05-13,16.788000106811523,17.92799949645996,16.593000411987305,17.70599937438965,670437000,17.674776077270508
NVDA,2022-05-16,17.509000778198242,17.788000106811523,17.106000900268555,17.263999938964844,521446000,17.233556747436523
NVDA,2022-05-17,18.073999404907227,18.371000289916992,17.634000778198242,18.177000045776367,585830000,18.144948959350586
NVDA,2022-05-18,17.704999923706055,18.118000030517578,16.86400032043457,16.937999725341797,545161000,16.908126831054688
NVDA,2022-05-19,16.937000274658203,17.687000274658203,16.733999252319336,17.124000549316406,621310000,17.09380531311035
NVDA,2022-05-20,17.332000732421875,17.40999984741211,15.755000114440918,16.694000244140625,739105000,16.664562225341797
NVDA,2022-05-23,16.27400016784668,16.915000915527344,16.179000854492188,16.898000717163086,639889000,16.868207931518555
NVDA,2022-05-24,16.510000228881836,16.597000122070312,15.779999732971191,16.15399932861328,588550000,16.125513076782227
NVDA,2022-05-25,16.020000457763672,17.111000061035156,16,16.975000381469727,781132000,16.945068359375
NVDA,2022-05-26,16.035999298095703,18.091999053955078,16.02199935913086,17.85099983215332,996575000,17.81951904296875
NVDA,2022-05-27,18.18600082397461,18.881000518798828,18.100000381469727,18.81100082397461,738379000,18.777833938598633
NVDA,2022-05-31,18.979999542236328,19.200000762939453,18.350000381469727,18.672000885009766,664100000,18.639076232910156
NVDA,2022-06-01,18.724000930786133,19.05299949645996,18.121999740600586,18.31999969482422,544514000,18.287694931030273
NVDA,2022-06-02,18.29199981689453,19.618999481201172,18.197999954223633,19.591999053955078,648656000,19.557451248168945
NVDA,2022-06-03,19.082000732421875,19.332000732421875,18.52199935913086,18.719999313354492,598779000,18.686988830566406
NVDA,2022-06-06,19.138999938964844,19.336999893188477,18.56399917602539,18.785999298095703,422406000,18.75287437438965
NVDA,2022-06-07,18.472000122070312,19,18.187999725341797,18.926000595092773,388914000,18.892629623413086
NVDA,2022-06-08,18.798999786376953,19.18000030517578,18.53499984741211,18.648000717163086,363252000,18.619054794311523
NVDA,2022-06-09,18.481000900268555,18.933000564575195,18.041000366210938,18.04800033569336,395574000,18.01998519897461
NVDA,2022-06-10,17.600000381469727,17.69700050354004,16.868999481201172,16.974000930786133,465248000,16.94765281677246
NVDA,2022-06-13,16,16.312000274658203,15.605999946594238,15.647000312805176,604153000,15.622712135314941
NVDA,2022-06-14,15.730999946594238,16.06599998474121,15.411999702453613,15.836000442504883,469680000,15.811418533325195
NVDA,2022-06-15,16.094999313354492,16.868000030517578,15.925999641418457,16.527000427246094,563936000,16.5013427734375
NVDA,2022-06-16,15.859999656677246,15.942000389099121,15.401000022888184,15.60099983215332,545749000,15.5767822265625
NVDA,2022-06-17,15.64799976348877,15.994999885559082,15.32800006866455,15.880000114440918,630334000,15.85534954071045
NVDA,2022-06-21,16.475000381469727,17.007999420166016,16.406999588012695,16.56599998474121,483089000,16.540283203125
NVDA,2022-06-22,16.22599983215332,16.66200065612793,16.18000030517578,16.360000610351562,437135000,16.33460235595703
NVDA,2022-06-23,16.518999099731445,16.584999084472656,15.852999687194824,16.225000381469727,463680000,16.199811935424805
NVDA,2022-06-24,16.5,17.139999389648438,16.309999465942383,17.125999450683594,472153000,17.099416732788086
NVDA,2022-06-27,17.312000274658203,17.329999923706055,16.625999450683594,16.868999481201172,427968000,16.842815399169922
NVDA,2022-06-28,16.899999618530273,17.20199966430664,15.944999694824219,15.982000350952148,461149000,15.957191467285156
NVDA,2022-06-29,15.814000129699707,15.819999694824219,15.170000076293945,15.541999816894531,482352000,15.517873764038086
NVDA,2022-06-30,15.361000061035156,15.567000389099121,14.862000465393066,15.159000396728516,686070000,15.135468482971191
NVDA,2022-07-01,14.89900016784668,15.062999725341797,14.392000198364258,14.52299976348877,577610000,14.500455856323242
NVDA,2022-07-05,14.175000190734863,14.970999717712402,14.055000305175781,14.96399974822998,651397000,14.940771102905273
NVDA,2022-07-06,15.010000228881836,15.319000244140625,14.788999557495117,15.130000114440918,529066000,15.106515884399414
NVDA,2022-07-07,15.456000328063965,15.944999694824219,15.388999938964844,15.857999801635742,492903000,15.833383560180664
NVDA,2022-07-08,15.430000305175781,16.03700065612793,15.388999938964844,15.838000297546387,467972000,15.813416481018066
NVDA,2022-07-11,15.526000022888184,15.527000427246094,15.038000106811523,15.152000427246094,437321000,15.128480911254883
NVDA,2022-07-12,15.267999649047852,15.430999755859375,14.876999855041504,15.081999778747559,458483000,15.058588027954102
NVDA,2022-07-13,14.59000015258789,15.375,14.46500015258789,15.163999557495117,521918000,15.140462875366211
NVDA,2022-07-14,15.107999801635742,15.472999572753906,14.727999687194824,15.371999740600586,456235000,15.348138809204102
NVDA,2022-07-15,15.659000396728516,15.781999588012695,15.444999694824219,15.76200008392334,385935000,15.737534523010254
NVDA,2022-07-18,16.302000045776367,16.89699935913086,16.00200080871582,16.10099983215332,670517000,16.076007843017578
NVDA,2022-07-19,16.486000061035156,17.110000610351562,16.172000885009766,16.992000579833984,702366000,16.96562385559082
NVDA,2022-07-20,16.94700050354004,17.933000564575195,16.801000595092773,17.80699920654297,760538000,17.779361724853516
NVDA,2022-07-21,17.885000228881836,18.143999099731445,17.545000076293945,18.049999237060547,557049000,18.021982192993164
NVDA,2022-07-22,17.89299964904785,17.966999053955078,17.136999130249023,17.319000244140625,536671000,17.292118072509766
NVDA,2022-07-25,17.018999099731445,17.124000549316406,16.64900016784668,17.02400016784668,480748000,16.99757194519043
NVDA,2022-07-26,16.888999938964844,16.91900062561035,16.47800064086914,16.533000946044922,397865000,16.50733757019043
NVDA,2022-07-27,17.031999588012695,17.93600082397461,16.913000106811523,17.790000915527344,569776000,17.762386322021484
NVDA,2022-07-28,17.975000381469727,18.139999389648438,17.440000534057617,17.983999252319336,474646000,17.956083297729492
NVDA,2022-07-29,17.812999725341797,18.243999481201172,17.691999435424805,18.163000106811523,435460000,18.134807586669922
NVDA,2022-08-01,18.18199920654297,18.84600067138672,17.989999771118164,18.44099998474121,476469000,18.412372589111328
NVDA,2022-08-02,18.121999740600586,18.937999725341797,18.091999053955078,18.525999069213867,489527000,18.497241973876953
NVDA,2022-08-03,18.18400001525879,18.968000411987305,18.136999130249023,18.89299964904785,418146000,18.86367416381836
NVDA,2022-08-04,18.849000930786133,19.27400016784668,18.760000228881836,19.21500015258789,409652000,19.1851749420166
NVDA,2022-08-05,18.809999465942383,19.229000091552734,18.666000366210938,18.98900032043457,386068000,18.95952606201172
NVDA,2022-08-08,17.50200080871582,18.23900032043457,17.242000579833984,17.792999267578125,981859000,17.765377044677734
NVDA,2022-08-09,17.25200080871582,17.44700050354004,16.724000930786133,17.086000442504883,668263000,17.059476852416992
NVDA,2022-08-10,17.697999954223633,18.118000030517578,17.316999435424805,18.097000122070312,597422000,18.068904876708984
NVDA,2022-08-11,18.131000518798828,18.707000732421875,17.875999450683594,17.941999435424805,509327000,17.914152145385742
NVDA,2022-08-12,18.15999984741211,18.718000411987305,17.952999114990234,18.708999633789062,478094000,18.67995834350586
NVDA,2022-08-15,18.701000213623047,19.163999557495117,18.613000869750977,19.031999588012695,457666000,19.002456665039062
NVDA,2022-08-16,18.920000076293945,19.142000198364258,18.500999450683594,18.878999710083008,451240000,18.849699020385742
NVDA,2022-08-17,18.523000717163086,18.687999725341797,18.145000457763672,18.334999084472656,446799000,18.30653953552246
NVDA,2022-08-18,18.301000595092773,18.864999771118164,18.183000564575195,18.773000717163086,415447000,18.743860244750977
NVDA,2022-08-19,18.4060001373291,18.520000457763672,17.770000457763672,17.849000930786133,441588000,17.821292877197266
NVDA,2022-08-22,17.489999771118164,17.558000564575195,16.965999603271484,17.034000396728516,409593000,17.00756072998047
NVDA,2022-08-23,16.98900032043457,17.46500015258789,16.969999313354492,17.180999755859375,369986000,17.154329299926758
NVDA,2022-08-24,17.011999130249023,17.4060001373291,16.895000457763672,17.222000122070312,522661000,17.195270538330078
NVDA,2022-08-25,16.8439998626709,17.94700050354004,16.83300018310547,17.913000106811523,770691000,17.88519287109375
NVDA,2022-08-26,17.85700035095215,17.923999786376953,16.23699951171875,16.260000228881836,769127000,16.234760284423828
NVDA,2022-08-29,16.020000457763672,16.33799934387207,15.767000198364258,15.800999641418457,496132000,15.776472091674805
NVDA,2022-08-30,15.960000038146973,16.038999557495117,15.182000160217285,15.468000411987305,530181000,15.443990707397461
NVDA,2022-08-31,15.383999824523926,15.539999961853027,14.958999633789062,15.093999862670898,573710000,15.07056999206543
NVDA,2022-09-01,14.208999633789062,14.380000114440918,13.270000457763672,13.937000274658203,1178865000,13.915367126464844
NVDA,2022-09-02,14.100000381469727,14.170999526977539,13.590999603271484,13.647000312805176,743157000,13.625815391540527
NVDA,2022-09-06,13.730999946594238,13.779000282287598,13.35099983215332,13.46500015258789,535751000,13.444099426269531
NVDA,2022-09-07,13.562999725341797,13.838000297546387,13.345999717712402,13.71399974822998,512657000,13.69678020477295
NVDA,2022-09-08,13.458999633789062,14.008000373840332,13.369000434875488,13.989999771118164,624873000,13.972434043884277
NVDA,2022-09-09,14.156999588012695,14.473999977111816,14.12600040435791,14.38700008392334,486612000,14.368935585021973
NVDA,2022-09-12,14.369000434875488,14.54699993133545,14.197999954223633,14.505000114440918,484159000,14.486786842346191
NVDA,2022-09-13,13.802000045776367,13.92199993133545,13.098999977111816,13.130999565124512,714956000,13.114513397216797
NVDA,2022-09-14,13.253999710083008,13.289999961853027,12.913000106811523,13.128000259399414,588507000,13.111517906188965
NVDA,2022-09-15,13.015000343322754,13.232999801635742,12.789999961853027,12.928999900817871,523625000,12.912766456604004
NVDA,2022-09-16,12.741999626159668,13.211999893188477,12.616999626159668,13.197999954223633,670751000,13.181427955627441
NVDA,2022-09-19,13.01200008392334,13.463000297546387,13.010000228881836,13.381999969482422,569685000,13.365198135375977
NVDA,2022-09-20,13.21500015258789,13.482999801635742,13.057000160217285,13.175999641418457,524818000,13.159456253051758
NVDA,2022-09-21,13.213000297546387,14.031000137329102,13.109999656677246,13.26099967956543,807679000,13.24434757232666
NVDA,2022-09-22,13.069999694824219,13.14900016784668,12.428000450134277,12.560999870300293,759162000,12.545228004455566
NVDA,2022-09-23,12.420000076293945,12.611000061035156,12.256999969482422,12.515999794006348,663309000,12.500285148620605
NVDA,2022-09-26,12.491000175476074,12.659000396728516,12.21399974822998,12.227999687194824,547343000,12.212647438049316
NVDA,2022-09-27,12.506999969482422,12.736000061035156,12.258000373840332,12.413000106811523,553854000,12.397414207458496
NVDA,2022-09-28,12.40999984741211,12.822999954223633,12.354000091552734,12.736000061035156,542414000,12.720008850097656
NVDA,2022-09-29,12.447999954223633,12.5,11.946000099182129,12.220000267028809,532763000,12.204654693603516
NVDA,2022-09-30,12.086999893188477,12.633000373840332,12.074999809265137,12.138999938964844,565638000,12.123758316040039
NVDA,2022-10-03,12.347000122070312,12.678000450134277,12.104999542236328,12.51200008392334,547478000,12.49629020690918
NVDA,2022-10-04,12.878999710083008,13.220000267028809,12.878999710083008,13.166999816894531,584182000,13.150466918945312
NVDA,2022-10-05,12.91100025177002,13.321000099182129,12.621000289916992,13.208999633789062,507131000,13.192415237426758
NVDA,2022-10-06,13.220000267028809,13.656000137329102,13.102999687194824,13.130000114440918,644157000,13.11351490020752
NVDA,2022-10-07,12.505000114440918,12.670000076293945,12.022000312805176,12.076000213623047,672478000,12.06083869934082
NVDA,2022-10-10,12.036999702453613,12.12399959564209,11.407999992370605,11.670000076293945,698699000,11.655346870422363
NVDA,2022-10-11,11.560999870300293,11.845999717712402,11.282999992370605,11.586000442504883,667482000,11.571452140808105
NVDA,2022-10-12,11.579000473022461,11.734999656677246,11.345000267028809,11.5,492590000,11.485560417175293
NVDA,2022-10-13,10.970999717712402,12.07800006866455,10.812999725341797,11.960000038146973,850103000,11.94498348236084
NVDA,2022-10-14,12.057000160217285,12.111000061035156,11.204000473022461,11.22700023651123,713432000,11.212902069091797
NVDA,2022-10-17,11.517999649047852,11.947999954223633,11.517000198364258,11.887999534606934,580774000,11.873071670532227
NVDA,2022-10-18,12.343999862670898,12.491999626159668,11.618000030517578,11.967000007629395,659362000,11.95197582244873
NVDA,2022-10-19,11.878999710083008,12.350000381469727,11.833999633789062,12.050999641418457,523131000,12.035868644714355
NVDA,2022-10-20,12.11299991607666,12.769000053405762,12.104999542236328,12.194000244140625,652398000,12.178689956665039
NVDA,2022-10-21,12.097999572753906,12.498000144958496,11.88700008392334,12.465999603271484,609494000,12.450346946716309
NVDA,2022-10-24,12.508000373840332,12.710000038146973,12.064000129699707,12.598999977111816,517457000,12.583181381225586
NVDA,2022-10-25,12.694000244140625,13.300000190734863,12.663999557495117,13.26099967956543,505482000,13.24434757232666
NVDA,2022-10-26,12.869000434875488,13.387999534606934,12.708000183105469,12.895999908447266,532953000,12.879809379577637
NVDA,2022-10-27,13.630000114440918,13.838000297546387,13.121999740600586,13.175999641418457,583113000,13.159456253051758
NVDA,2022-10-28,13.104000091552734,13.850000381469727,13.060999870300293,13.833999633789062,521040000,13.816630363464355
NVDA,2022-10-31,13.777999877929688,13.838000297546387,13.29699993133545,13.496999740600586,486341000,13.480053901672363
NVDA,2022-11-01,13.810999870300293,13.925000190734863,13.519000053405762,13.543000221252441,432817000,13.525996208190918
NVDA,2022-11-02,13.850000381469727,14.210000038146973,13.211000442504883,13.218999862670898,672628000,13.202402114868164
NVDA,2022-11-03,13.043000221252441,13.781000137329102,12.956000328063965,13.420999526977539,500065000,13.404149055480957
NVDA,2022-11-04,13.986000061035156,14.229000091552734,13.696999549865723,14.156000137329102,612576000,14.138224601745605
NVDA,2022-11-07,14.227999687194824,14.411999702453613,13.954000473022461,14.300999641418457,410061000,14.283044815063477
NVDA,2022-11-08,14.800999641418457,14.890999794006348,14.215999603271484,14.60200023651123,595292000,14.583666801452637
NVDA,2022-11-09,14.161999702453613,14.211000442504883,13.758999824523926,13.776000022888184,454414000,13.75870418548584
NVDA,2022-11-10,14.800000190734863,15.77299976348877,14.54699993133545,15.75,700819000,15.730223655700684
NVDA,2022-11-11,15.807000160217285,16.388999938964844,15.482000350952148,16.32699966430664,655487000,16.30649757385254
NVDA,2022-11-14,16.218000411987305,16.540000915527344,15.92199993133545,16.295000076293945,527852000,16.2745418548584
NVDA,2022-11-15,16.722000122070312,16.99799919128418,16.381999969482422,16.666000366210938,545876000,16.64507484436035
NVDA,2022-11-16,16.16200065612793,16.36199951171875,15.873000144958496,15.90999984741211,649547000,15.890024185180664
NVDA,2022-11-17,15.71500015258789,16.266000747680664,15.53499984741211,15.677000045776367,710894000,15.657317161560059
NVDA,2022-11-18,15.965999603271484,16.00200080871582,15.119999885559082,15.409000396728516,492072000,15.389653205871582
NVDA,2022-11-21,15.147000312805176,15.47700023651123,15.079999923706055,15.317000389099121,404739000,15.297768592834473
NVDA,2022-11-22,15.32800006866455,16.058000564575195,15.121999740600586,16.038000106811523,472866000,16.017864227294922
NVDA,2022-11-23,16.097999572753906,16.527000427246094,16.04800033569336,16.518999099731445,427241000,16.498258590698242
NVDA,2022-11-25,16.31800079345703,16.48699951171875,16.172000885009766,16.270000457763672,167934000,16.24957275390625
NVDA,2022-11-28,16.025999069213867,16.35700035095215,15.725000381469727,15.82699966430664,303741000,15.807126998901367
NVDA,2022-11-29,15.82699966430664,15.932000160217285,15.520000457763672,15.638999938964844,298384000,15.619361877441406
NVDA,2022-11-30,15.696999549865723,16.93000030517578,15.597000122070312,16.92300033569336,565298000,16.90607452392578
NVDA,2022-12-01,16.999000549316406,17.264999389648438,16.635000228881836,17.135000228881836,470977000,17.117862701416016
NVDA,2022-12-02,16.659000396728516,16.933000564575195,16.44499969482422,16.875999450683594,371389000,16.85912322998047
NVDA,2022-12-05,16.679000854492188,16.9950008392334,16.472000122070312,16.610000610351562,352255000,16.5933895111084
NVDA,2022-12-06,16.530000686645508,16.572999954223633,15.819000244140625,15.987000465393066,352694000,15.971012115478516
NVDA,2022-12-07,15.772000312805176,16.18600082397461,15.666999816894531,16.1200008392334,372388000,16.103879928588867
NVDA,2022-12-08,16.273000717163086,17.179000854492188,15.958999633789062,17.16900062561035,515456000,17.15182876586914
NVDA,2022-12-09,17.15999984741211,17.58300018310547,16.975000381469727,17.000999450683594,465338000,16.983997344970703
NVDA,2022-12-12,17.03700065612793,17.538000106811523,16.797000885009766,17.53499984741211,457328000,17.517465591430664
NVDA,2022-12-13,18.5310001373291,18.790000915527344,17.711000442504883,18.07200050354004,656589000,18.053930282592773
NVDA,2022-12-14,17.98699951171875,18.25200080871582,17.420000076293945,17.673999786376953,496888000,17.656328201293945
NVDA,2022-12-15,17.145999908447266,17.31999969482422,16.700000762939453,16.95199966430664,478542000,16.93504524230957
NVDA,2022-12-16,16.86400032043457,17.041000366210938,16.40999984741211,16.570999145507812,478232000,16.55443000793457
NVDA,2022-12-19,16.57200050354004,16.608999252319336,16.145000457763672,16.253999710083008,354039000,16.237741470336914
NVDA,2022-12-20,16.06399917602539,16.309999465942383,15.85200023651123,16.084999084472656,403260000,16.06891632080078
NVDA,2022-12-21,16.11400032043457,16.62700080871582,16.101999282836914,16.500999450683594,325025000,16.4844970703125
NVDA,2022-12-22,16.0939998626709,16.13800048828125,14.881999969482422,15.33899974822998,565045000,15.323659896850586
NVDA,2022-12-23,15.196000099182129,15.33899974822998,14.883000373840332,15.206000328063965,349326000,15.190793991088867
NVDA,2022-12-27,15.074000358581543,15.100000381469727,14.055999755859375,14.121000289916992,464902000,14.106878280639648
NVDA,2022-12-28,13.927000045776367,14.26200008392334,13.883999824523926,14.03600025177002,351066000,14.021963119506836
NVDA,2022-12-29,14.402000427246094,14.682999610900879,14.22700023651123,14.602999687194824,354923000,14.588397026062012
NVDA,2022-12-30,14.333999633789062,14.628999710083008,14.232999801635742,14.61400032043457,310490000,14.599386215209961
NVDA,2023-01-03,14.85099983215332,14.996000289916992,14.095999717712402,14.3149995803833,401277000,14.30068302154541
NVDA,2023-01-04,14.567000389099121,14.852999687194824,14.241000175476074,14.74899959564209,431324000,14.734251022338867
NVDA,2023-01-05,14.491000175476074,14.564000129699707,14.14799976348877,14.265000343322754,389168000,14.250736236572266
NVDA,2023-01-06,14.473999977111816,15.010000228881836,14.034000396728516,14.859000205993652,405044000,14.84414005279541
NVDA,2023-01-09,15.284000396728516,16.055999755859375,15.140999794006348,15.628000259399414,504231000,15.612370491027832
NVDA,2023-01-10,15.506999969482422,15.961999893188477,15.472000122070312,15.909000396728516,384101000,15.893091201782227
NVDA,2023-01-11,15.84000015258789,16.027999877929688,15.562999725341797,16.000999450683594,353285000,15.984996795654297
NVDA,2023-01-12,16.100000381469727,16.636999130249023,15.491999626159668,16.51099967956543,551409000,16.494483947753906
NVDA,2023-01-13,16.277999877929688,16.922000885009766,16.165000915527344,16.89900016784668,447287000,16.882099151611328
NVDA,2023-01-17,16.89900016784668,17.72800064086914,16.89900016784668,17.70199966430664,511102000,17.68429946899414
NVDA,2023-01-18,17.66699981689453,17.87299919128418,17.281999588012695,17.37700080871582,439624000,17.359621047973633
NVDA,2023-01-19,17.035999298095703,17.19700050354004,16.731000900268555,16.764999389648438,452932000,16.748231887817383
NVDA,2023-01-20,17.01099967956543,17.856000900268555,16.825000762939453,17.839000701904297,564967000,17.82115936279297
NVDA,2023-01-23,18.06399917602539,19.2450008392334,17.81800079345703,19.19300079345703,655163000,19.173810958862305
NVDA,2023-01-24,18.82699966430664,19.4950008392334,18.81999969482422,19.264999389648438,496204000,19.245731353759766
NVDA,2023-01-25,18.913000106811523,19.3700008392334,18.579999923706055,19.322999954223633,449537000,19.303674697875977
NVDA,2023-01-26,19.701000213623047,20.166000366210938,19.277999877929688,19.802000045776367,489535000,19.782194137573242
NVDA,2023-01-27,19.461999893188477,20.628000259399414,19.405000686645508,20.364999771118164,542142000,20.34463119506836
NVDA,2023-01-30,19.950000762939453,20.139999389648438,19.149999618530273,19.16200065612793,488611000,19.14283561706543
NVDA,2023-01-31,19.170000076293945,19.687000274658203,18.950000762939453,19.53700065612793,498017000,19.517459869384766
NVDA,2023-02-01,19.69099998474121,21.191999435424805,19.611000061035156,20.94300079345703,660477000,20.922054290771484
NVDA,2023-02-02,21,21.948999404907227,20.700000762939453,21.708999633789062,564276000,21.687286376953125
NVDA,2023-02-03,21,21.7450008392334,20.788999557495117,21.100000381469727,429366000,21.07889747619629
NVDA,2023-02-06,20.805999755859375,21.56999969482422,20.785999298095703,21.089000701904297,452197000,21.067913055419922
NVDA,2023-02-07,21.381999969482422,22.259000778198242,21.149999618530273,22.17300033569336,664150000,22.15082550048828
NVDA,2023-02-08,22.386999130249023,22.878000259399414,22.007999420166016,22.204999923706055,559651000,22.18279266357422
NVDA,2023-02-09,22.606000900268555,23.020000457763672,22.1200008392334,22.336999893188477,523876000,22.314659118652344
NVDA,2023-02-10,21.690000534057617,22.077999114990234,20.81100082397461,21.264999389648438,550737000,21.243730545043945
NVDA,2023-02-13,21.538000106811523,22.04800033569336,20.961999893188477,21.788000106811523,474919000,21.766210556030273
NVDA,2023-02-14,21.577999114990234,23.048999786376953,21.365999221801758,22.97100067138672,675474000,22.948026657104492
NVDA,2023-02-15,22.548999786376953,22.854999542236328,22.106000900268555,22.763999938964844,420575000,22.741233825683594
NVDA,2023-02-16,22.132999420166016,22.549999237060547,21.927000045776367,22.00200080871582,412026000,21.979995727539062
NVDA,2023-02-17,21.631000518798828,21.739999771118164,20.975000381469727,21.38800048828125,465888000,21.36661148071289
NVDA,2023-02-21,21,21.493999481201172,20.618000030517578,20.655000686645508,410015000,20.63434410095215
NVDA,2023-02-22,20.707000732421875,21.104000091552734,20.42099952697754,20.753999710083008,513184000,20.733247756958008
NVDA,2023-02-23,23.440000534057617,23.88800048828125,23.024999618530273,23.663999557495117,1117995000,23.64033317565918
NVDA,2023-02-24,23.225000381469727,23.474000930786133,22.94700050354004,23.285999298095703,589716000,23.262712478637695
NVDA,2023-02-27,23.670000076293945,23.8799991607666,23.45400047302246,23.500999450683594,452994000,23.477495193481445
NVDA,2023-02-28,23.371999740600586,23.825000762939453,23.20599937438965,23.215999603271484,455963000,23.192785263061523
NVDA,2023-03-01,23.191999435424805,23.256000518798828,22.507999420166016,22.697999954223633,460026000,22.67530059814453
NVDA,2023-03-02,22.488000869750977,23.3799991607666,22.43199920654297,23.31399917602539,389415000,23.29068374633789
NVDA,2023-03-03,23.31999969482422,23.899999618530273,23.1299991607666,23.889999389648438,412393000,23.866107940673828
NVDA,2023-03-06,23.891000747680664,24.24799919128418,23.48699951171875,23.554000854492188,437429000,23.53044319152832
NVDA,2023-03-07,23.600000381469727,24.125,23.240999221801758,23.288000106811523,515154000,23.26866340637207
NVDA,2023-03-08,23.48699951171875,24.200000762939453,23.423999786376953,24.180999755859375,513573000,24.160919189453125
NVDA,2023-03-09,24.174999237060547,24.45400047302246,23.382999420166016,23.43600082397461,501257000,23.416536331176758
NVDA,2023-03-10,23.409000396728516,23.62700080871582,22.72599983215332,22.96500015258789,474866000,22.94593048095703
NVDA,2023-03-13,22.75200080871582,23.29800033569336,22.297000885009766,22.965999603271484,421890000,22.946929931640625
NVDA,2023-03-14,23.496000289916992,24.2189998626709,23.459999084472656,24.062999725341797,474910000,24.043018341064453
NVDA,2023-03-15,23.76099967956543,24.285999298095703,23.360000610351562,24.22800064086914,524486000,24.207881927490234
NVDA,2023-03-16,24.027000427246094,25.58799934387207,23.893999099731445,25.541000366210938,583253000,25.519790649414062
NVDA,2023-03-17,25.98200035095215,26.39900016784668,25.667999267578125,25.725000381469727,848547000,25.70363998413086
NVDA,2023-03-20,25.614999771118164,26.02400016784668,25.1299991607666,25.899999618530273,432747000,25.87849235534668
NVDA,2023-03-21,26.18000030517578,26.392000198364258,25.381000518798828,26.198999404907227,547408000,26.17724609375
NVDA,2023-03-22,26.424999237060547,27.589000701904297,26.23699951171875,26.468000411987305,797295000,26.44602394104004
NVDA,2023-03-23,27.114999771118164,27.499000549316406,26.690000534057617,27.19099998474121,564889000,27.168418884277344
NVDA,2023-03-24,27.0310001373291,27.16699981689453,26.354999542236328,26.77899932861328,454920000,26.75676155090332
NVDA,2023-03-27,26.836999893188477,27,26.364999771118164,26.5310001373291,361026000,26.50897216796875
NVDA,2023-03-28,26.44700050354004,26.51300048828125,25.850000381469727,26.40999984741211,356104000,26.3880672454834
NVDA,2023-03-29,26.825000762939453,27.077999114990234,26.597000122070312,26.983999252319336,393694000,26.961589813232422
NVDA,2023-03-30,27.229000091552734,27.499000549316406,27.101999282836914,27.382999420166016,364516000,27.360261917114258
NVDA,2023-03-31,27.139999389648438,27.833999633789062,27.104999542236328,27.777000427246094,433933000,27.753934860229492
NVDA,2023-04-03,27.509000778198242,28,27.336000442504883,27.96500015258789,398716000,27.9417781829834
NVDA,2023-04-04,27.965999603271484,28,27.30699920654297,27.452999114990234,368592000,27.430200576782227
NVDA,2023-04-05,26.82900047302246,26.99799919128418,26.395000457763672,26.881000518798828,515015000,26.858678817749023
NVDA,2023-04-06,26.583999633789062,27.079999923706055,26.427000045776367,27.03700065612793,397654000,27.014549255371094
NVDA,2023-04-10,26.822999954223633,27.621000289916992,26.66900062561035,27.57900047302246,395279000,27.556102752685547
NVDA,2023-04-11,27.724000930786133,27.790000915527344,27.125999450683594,27.16900062561035,314378000,27.146438598632812
NVDA,2023-04-12,27.3700008392334,27.468000411987305,26.447999954223633,26.4950008392334,446259000,26.472999572753906
NVDA,2023-04-13,26.733999252319336,26.886999130249023,26.32900047302246,26.46299934387207,353615000,26.441022872924805
NVDA,2023-04-14,26.503999710083008,26.882999420166016,26.219999313354492,26.757999420166016,395660000,26.735780715942383
NVDA,2023-04-17,26.565000534057617,27.006000518798828,26.433000564575195,27.00200080871582,321471000,26.979578018188477
NVDA,2023-04-18,27.533000946044922,28.110000610351562,27.35700035095215,27.66699981689453,604812000,27.644027709960938
NVDA,2023-04-19,27.361000061035156,28,27.23200035095215,27.930999755859375,358660000,27.90780258178711
NVDA,2023-04-20,27.67099952697754,28.030000686645508,27,27.104000091552734,427713000,27.081491470336914
NVDA,2023-04-21,26.95199966430664,27.183000564575195,26.722000122070312,27.118999481201172,345103000,27.096477508544922
NVDA,2023-04-24,27.01300048828125,27.365999221801758,26.67099952697754,27.04199981689453,339282000,27.019542694091797
NVDA,2023-04-25,27.077999114990234,27.246999740600586,26.225000381469727,26.240999221801758,378527000,26.219205856323242
NVDA,2023-04-26,27.00200080871582,27.329999923706055,26.704999923706055,26.95599937438965,406337000,26.933612823486328
NVDA,2023-04-27,27.363000869750977,27.4950008392334,26.625,27.22599983215332,377161000,27.203393936157227
NVDA,2023-04-28,27.225000381469727,27.757999420166016,27.070999145507812,27.749000549316406,292216000,27.72595977783203
NVDA,2023-05-01,27.84000015258789,29.058000564575195,27.780000686645508,28.90999984741211,570329000,28.885990142822266
NVDA,2023-05-02,28.68000030517578,28.836000442504883,28.08300018310547,28.209999084472656,402730000,28.186573028564453
NVDA,2023-05-03,27.84000015258789,28.367000579833984,27.472000122070312,27.802000045776367,383387000,27.778915405273438
NVDA,2023-05-04,27.650999069213867,27.858999252319336,27.239999771118164,27.562000274658203,321850000,27.53911018371582
NVDA,2023-05-05,27.826000213623047,28.7549991607666,27.731000900268555,28.68000030517578,361494000,28.65618133544922
NVDA,2023-05-08,28.52199935913086,29.219999313354492,28.350000381469727,29.150999069213867,344979000,29.126792907714844
NVDA,2023-05-09,28.89900016784668,28.972999572753906,28.450000762939453,28.570999145507812,314869000,28.54727554321289
NVDA,2023-05-10,29.0049991607666,29.113000869750977,28.461000442504883,28.885000228881836,369350000,28.861011505126953
NVDA,2023-05-11,28.895999908447266,28.950000762939453,28.246000289916992,28.577999114990234,322149000,28.55426788330078
NVDA,2023-05-12,28.52899932861328,28.780000686645508,28.04599952697754,28.34000015258789,274222000,28.316469192504883
NVDA,2023-05-15,28.507999420166016,28.9689998626709,28.152000427246094,28.952999114990234,293926000,28.928955078125
NVDA,2023-05-16,28.840999603271484,29.8700008392334,28.832000732421875,29.21299934387207,449405000,29.188739776611328
NVDA,2023-05-17,29.583999633789062,30.198999404907227,29.43000030517578,30.17799949645996,432535000,30.152938842773438
NVDA,2023-05-18,30.40999984741211,31.827999114990234,30.31999969482422,31.67799949645996,748725000,31.651695251464844
NVDA,2023-05-19,31.535999298095703,31.579999923706055,30.916000366210938,31.263999938964844,473908000,31.238040924072266
NVDA,2023-05-22,30.900999069213867,31.520000457763672,30.68000030517578,31.176000595092773,372000000,31.150114059448242
NVDA,2023-05-23,31,31.288000106811523,30.631000518798828,30.687999725341797,356253000,30.66251564025879
NVDA,2023-05-24,30.209999084472656,30.60700035095215,29.805999755859375,30.538000106811523,721419000,30.512638092041016
NVDA,2023-05-25,38.52299880981445,39.47999954223633,36.6349983215332,37.97999954223633,1543911000,37.948455810546875
NVDA,2023-05-26,37.88999938964844,39.16999816894531,37.54999923706055,38.94599914550781,714397000,38.913658142089844
NVDA,2023-05-30,40.595001220703125,41.9379997253418,39.94900131225586,40.111000061035156,923401000,40.07769012451172
NVDA,2023-05-31,39.487998962402344,40.29499816894531,37.821998596191406,37.83399963378906,1002580000,37.80258560180664
NVDA,2023-06-01,38.48899841308594,40.04999923706055,38.34000015258789,39.77000045776367,635873000,39.736976623535156
NVDA,2023-06-02,40.09700012207031,40.5,39.05799865722656,39.32699966430664,482731000,39.294342041015625
NVDA,2023-06-05,38.909000396728516,39.564998626708984,38.707000732421875,39.17100143432617,396094000,39.13848114013672
NVDA,2023-06-06,38.83000183105469,39.15999984741211,38.14799880981445,38.65399932861328,388729000,38.62190628051758
NVDA,2023-06-07,38.915000915527344,39.499000549316406,37.35599899291992,37.474998474121094,511998000,37.447750091552734
NVDA,2023-06-08,37.7239990234375,38.86399841308594,37.505001068115234,38.5099983215332,417772000,38.48200607299805
NVDA,2023-06-09,39.0369987487793,39.71099853515625,38.56700134277344,38.77000045776367,427717000,38.74181365966797
NVDA,2023-06-12,39.20000076293945,39.529998779296875,38.61800003051758,39.481998443603516,388701000,39.45329666137695
NVDA,2023-06-13,40.18600082397461,41.10100173950195,39.7400016784668,41.02199935913086,613208000,40.99217987060547
NVDA,2023-06-14,40.82400131225586,43,40.551998138427734,42.99700164794922,740465000,42.96574020385742
NVDA,2023-06-15,42.60200119018555,43.28900146484375,42.14699935913086,42.65299987792969,568622000,42.62199401855469
NVDA,2023-06-16,43.45000076293945,43.72100067138672,42.6609992980957,42.69200134277344,655709000,42.66096496582031
NVDA,2023-06-20,42.99800109863281,43.9900016784668,42.67399978637695,43.80799865722656,451153000,43.77614974975586
NVDA,2023-06-21,43.500999450683594,43.6150016784668,42.08000183105469,43.04499816894531,551603000,43.013702392578125
NVDA,2023-06-22,42.25299835205078,43.42599868774414,42.23400115966797,43.025001525878906,417737000,42.99372100830078
NVDA,2023-06-23,42.4640007019043,42.808998107910156,42.01499938964844,42.20899963378906,358140000,42.17831039428711
NVDA,2023-06-26,42.46099853515625,42.763999938964844,40.099998474121094,40.63199996948242,594322000,40.602455139160156
NVDA,2023-06-27,40.79899978637695,41.939998626708984,40.448001861572266,41.875999450683594,462175000,41.84554672241211
NVDA,2023-06-28,40.65999984741211,41.845001220703125,40.518001556396484,41.117000579833984,582639000,41.08710861206055
NVDA,2023-06-29,41.55799865722656,41.599998474121094,40.599998474121094,40.821998596191406,380514000,40.79232406616211
NVDA,2023-06-30,41.68000030517578,42.54999923706055,41.500999450683594,42.301998138427734,501148000,42.271244049072266
NVDA,2023-07-03,42.516998291015625,42.89799880981445,42.20199966430664,42.41299819946289,198209000,42.382164001464844
NVDA,2023-07-05,42.1349983215332,43.176998138427734,42.084999084472656,42.31700134277344,323618000,42.28623962402344
NVDA,2023-07-06,41.84400177001953,42.17900085449219,41.34600067138672,42.10300064086914,303582000,42.072391510009766
NVDA,2023-07-07,42.321998596191406,43.2140007019043,42.18000030517578,42.50299835205078,355881000,42.47209930419922
NVDA,2023-07-10,42.65700149536133,42.81100082397461,41.64899826049805,42.18000030517578,353908000,42.14934158325195
NVDA,2023-07-11,42.48099899291992,42.757999420166016,42.06700134277344,42.404998779296875,298244000,42.37417221069336
NVDA,2023-07-12,43.03300094604492,43.935001373291016,42.777000427246094,43.902000427246094,481277000,43.87008285522461
NVDA,2023-07-13,44.518001556396484,46.154998779296875,44.492000579833984,45.97700119018555,478204000,45.94357681274414
NVDA,2023-07-14,46.58300018310547,48.0880012512207,45.060001373291016,45.46900177001953,772075000,45.435951232910156
NVDA,2023-07-17,46.28900146484375,46.49599838256836,45.262001037597656,46.46099853515625,510488000,46.427223205566406
NVDA,2023-07-18,46.70100021362305,47.895999908447266,45.73400115966797,47.49399948120117,569164000,47.459468841552734
NVDA,2023-07-19,47.4640007019043,47.81800079345703,46.742000579833984,47.07699966430664,427502000,47.04277801513672
NVDA,2023-07-20,46.50699996948242,47.08700180053711,45.0620002746582,45.52000045776367,537865000,45.48690414428711
NVDA,2023-07-21,45.78799819946289,45.86600112915039,44.099998474121094,44.308998107910156,963769000,44.27678680419922
NVDA,2023-07-24,44.73099899291992,45.10900115966797,44.040000915527344,44.61199951171875,382516000,44.57956314086914
NVDA,2023-07-25,44.941001892089844,46.18299865722656,44.92300033569336,45.67900085449219,348081000,45.64579772949219
NVDA,2023-07-26,46.020999908447266,46.053001403808594,44.630001068115234,45.45199966430664,364237000,45.41895294189453
NVDA,2023-07-27,46.51900100708008,47.39500045776367,45.75,45.900001525878906,455976000,45.866634368896484
NVDA,2023-07-28,46.667999267578125,47.027000427246094,46.38100051879883,46.75,331194000,46.71601486206055
NVDA,2023-07-31,46.75400161743164,47.130001068115234,46.50600051879883,46.729000091552734,251055000,46.69502639770508
NVDA,2023-08-01,46.459999084472656,46.900001525878906,46.027000427246094,46.50699996948242,237858000,46.47319412231445
NVDA,2023-08-02,45.83100128173828,45.84000015258789,43.387001037597656,44.26900100708008,530142000,44.236820220947266
NVDA,2023-08-03,43.79999923706055,45.11800003051758,43.79999923706055,44.51499938964844,324176000,44.48263931274414
NVDA,2023-08-04,44.98500061035156,45.641998291015625,44.393001556396484,44.68000030517578,362666000,44.647518157958984
NVDA,2023-08-07,45.111000061035156,45.540000915527344,44.5629997253418,45.41699981689453,322154000,45.38398742675781
NVDA,2023-08-08,44.85300064086914,45.242000579833984,44.055999755859375,44.66400146484375,353843000,44.63153076171875
NVDA,2023-08-09,44.27399826049805,44.3120002746582,42.13399887084961,42.55400085449219,586449000,42.52306365966797
NVDA,2023-08-10,42.15999984741211,43.57400131225586,41.834999084472656,42.38800048828125,492705000,42.35718536376953
NVDA,2023-08-11,41.750999450683594,42.018001556396484,40.638999938964844,40.85499954223633,533085000,40.825294494628906
NVDA,2023-08-14,40.486000061035156,43.79999923706055,40.31100082397461,43.75299835205078,690286000,43.721187591552734
NVDA,2023-08-15,44.560001373291016,45.268001556396484,43.709999084472656,43.939998626708984,676512000,43.90806198120117
NVDA,2023-08-16,44.52000045776367,44.67499923706055,43.40599822998047,43.486000061035156,527451000,43.454383850097656
NVDA,2023-08-17,43.970001220703125,44.0620002746582,43.000999450683594,43.34400177001953,452395000,43.3124885559082
NVDA,2023-08-18,42.6349983215332,43.577999114990234,41.65999984741211,43.29899978637695,583768000,43.26751708984375
NVDA,2023-08-21,44.49399948120117,47.064998626708984,44.22200012207031,46.96699905395508,692573000,46.932857513427734
NVDA,2023-08-22,48.1349983215332,48.1870002746582,45.33300018310547,45.667999267578125,755293000,45.634796142578125
NVDA,2023-08-23,45.86600112915039,47.20000076293945,45.20800018310547,47.11600112915039,779046000,47.08175277709961
NVDA,2023-08-24,50.215999603271484,50.26599884033203,47.159000396728516,47.16299819946289,1156044000,47.12871170043945
NVDA,2023-08-25,47.012001037597656,47.80500030517578,45.02399826049805,46.018001556396484,925341000,45.98454666137695
NVDA,2023-08-28,46.481998443603516,46.97999954223633,44.88800048828125,46.834999084472656,685192000,46.80094909667969
NVDA,2023-08-29,46.66600036621094,49.08100128173828,46.39099884033203,48.784000396728516,701397000,48.748531341552734
NVDA,2023-08-30,49.04399871826172,49.926998138427734,48.42499923706055,49.263999938964844,735206000,49.228179931640625
NVDA,2023-08-31,49.380001068115234,49.74399948120117,48.95800018310547,49.35499954223633,528570000,49.319114685058594
NVDA,2023-09-01,49.762001037597656,49.79999923706055,48.141998291015625,48.50899887084961,463830000,48.47373962402344
NVDA,2023-09-05,48.222999572753906,48.85100173950195,47.86000061035156,48.54800033569336,382653000,48.5127067565918
NVDA,2023-09-06,48.441001892089844,48.54899978637695,46.58000183105469,47.06100082397461,468670000,47.030662536621094
NVDA,2023-09-07,45.525001525878906,46.34400177001953,45.152000427246094,46.24100112915039,433330000,46.21120071411133
NVDA,2023-09-08,45.94200134277344,46.60599899291992,45.270999908447266,45.571998596191406,473069000,45.5426139831543
NVDA,2023-09-11,46.14799880981445,46.16299819946289,44.3120002746582,45.178001403808594,473966000,45.14887237548828
NVDA,2023-09-12,44.737998962402344,45.67300033569336,44.53099822998047,44.869998931884766,349256000,44.84107208251953
NVDA,2023-09-13,44.599998474121094,45.93000030517578,44.50299835205078,45.48500061035156,398355000,45.45568084716797
NVDA,2023-09-14,45.95000076293945,45.98699951171875,45.13100051879883,45.58100128173828,370097000,45.55161666870117
NVDA,2023-09-15,45.340999603271484,45.5989990234375,43.80799865722656,43.900001525878906,506831000,43.871700286865234
NVDA,2023-09-18,42.74800109863281,44.242000579833984,42,43.965999603271484,500271000,43.937652587890625
NVDA,2023-09-19,43.83300018310547,43.965999603271484,43.00199890136719,43.52000045776367,373064000,43.491939544677734
NVDA,2023-09-20,43.599998474121094,43.90299987792969,42.222999572753906,42.23899841308594,367108000,42.21177291870117
NVDA,2023-09-21,41.58300018310547,42.099998474121094,40.97999954223633,41.016998291015625,450736000,40.99055862426758
NVDA,2023-09-22,41.571998596191406,42.1150016784668,41.23099899291992,41.61000061035156,479236000,41.58317565917969
NVDA,2023-09-25,41.590999603271484,42.5359992980957,41.176998138427734,42.22200012207031,419091000,42.19478225708008
NVDA,2023-09-26,42.000999450683594,42.81999969482422,41.654998779296875,41.9109992980957,402282000,41.88398742675781
NVDA,2023-09-27,42.33000183105469,42.87200164794922,41.62900161743164,42.46799850463867,444935000,42.44062042236328
NVDA,2023-09-28,42.459999084472656,43.44599914550781,42.1150016784668,43.0890007019043,424663000,43.061214447021484
NVDA,2023-09-29,43.82699966430664,44.14400100708008,43.30699920654297,43.499000549316406,397830000,43.4709587097168
NVDA,2023-10-02,44.029998779296875,45.17499923706055,43.861000061035156,44.78200149536133,433298000,44.75312805175781
NVDA,2023-10-03,44.80799865722656,45.130001068115234,43.24599838256836,43.516998291015625,470850000,43.48894500732422
NVDA,2023-10-04,43.742000579833984,44.143001556396484,43.29199981689453,44.04100036621094,361821000,44.012611389160156
NVDA,2023-10-05,44.04999923706055,44.900001525878906,43.88800048828125,44.6879997253418,393483000,44.6591911315918
NVDA,2023-10-06,44.19300079345703,45.78900146484375,44.0260009765625,45.762001037597656,434436000,45.73250198364258
NVDA,2023-10-09,44.84199905395508,45.60499954223633,44.36800003051758,45.27299880981445,409675000,45.24380874633789
NVDA,2023-10-10,45.310001373291016,46.25899887084961,45.0880012512207,45.79800033569336,368582000,45.76847457885742
NVDA,2023-10-11,46.19599914550781,46.85900115966797,46.04999923706055,46.805999755859375,378137000,46.77582550048828
NVDA,2023-10-12,46.777000427246094,47.60900115966797,46.33000183105469,46.94499969482422,481325000,46.91473388671875
NVDA,2023-10-13,46.959999084472656,47.11600112915039,45.279998779296875,45.46099853515625,474115000,45.43169021606445
NVDA,2023-10-16,45.0629997253418,46.224998474121094,44.9119987487793,46.095001220703125,375099000,46.06528854370117
NVDA,2023-10-17,44,44.75400161743164,42.47999954223633,43.9379997253418,812333000,43.9096794128418
NVDA,2023-10-18,42.590999603271484,43.21900177001953,41.82500076293945,42.19599914550781,627294000,42.16879653930664
NVDA,2023-10-19,42.81100082397461,43.297000885009766,41.88199996948242,42.10100173950195,501233000,42.07386016845703
NVDA,2023-10-20,41.88999938964844,42.470001220703125,41.077999114990234,41.387001037597656,477266000,41.36031723022461
NVDA,2023-10-23,41.229000091552734,43.24800109863281,40.94499969482422,42.974998474121094,478530000,42.947296142578125
NVDA,2023-10-24,43.07699966430664,43.696998596191406,42.691001892089844,43.66299819946289,401463000,43.634849548339844
NVDA,2023-10-25,43.39799880981445,43.650001525878906,41.55500030517578,41.77899932861328,398379000,41.752071380615234
NVDA,2023-10-26,41.85300064086914,42.25600051879883,39.880001068115234,40.32600021362305,541001000,40.30000305175781
NVDA,2023-10-27,41.130001068115234,41.20600128173828,40.01499938964844,40.5,416784000,40.4738883972168
NVDA,2023-10-30,41.08700180053711,41.76599884033203,40.48099899291992,41.1609992980957,388028000,41.13446807861328
NVDA,2023-10-31,40.45000076293945,40.87900161743164,39.22999954223633,40.779998779296875,517969000,40.75371170043945
NVDA,2023-11-01,40.88399887084961,42.38100051879883,40.86899948120117,42.32500076293945,437593000,42.2977180480957
NVDA,2023-11-02,43.327999114990234,43.88399887084961,42.89400100708008,43.50600051879883,409172000,43.47795104980469
NVDA,2023-11-03,44.02000045776367,45.308998107910156,43.722999572753906,45.005001068115234,424610000,44.97598648071289
NVDA,2023-11-06,45.28499984741211,45.935001373291016,44.89899826049805,45.750999450683594,400733000,45.72150802612305
NVDA,2023-11-07,45.71900177001953,46.21799850463867,45.15800094604492,45.95500183105469,343165000,45.925376892089844
NVDA,2023-11-08,46.099998474121094,46.867000579833984,45.96799850463867,46.57400131225586,346719000,46.54397964477539
NVDA,2023-11-09,47.46699905395508,48.22999954223633,46.75,46.95000076293945,540496000,46.91973114013672
NVDA,2023-11-10,47.5,48.47200012207031,47.28300094604492,48.334999084472656,421245000,48.3038444519043
NVDA,2023-11-13,48.31999969482422,49.11600112915039,48.0989990234375,48.619998931884766,384136000,48.58864974975586
NVDA,2023-11-14,49.68000030517578,49.83399963378906,49.040000915527344,49.65599822998047,416954000,49.62398910522461
NVDA,2023-11-15,49.935001373291016,49.959999084472656,48.20000076293945,48.88800048828125,475497000,48.856483459472656
NVDA,2023-11-16,48.67900085449219,49.525001525878906,48.33000183105469,49.47999954223633,339756000,49.44810104370117
NVDA,2023-11-17,49.52399826049805,49.71699905395508,49.00699996948242,49.29800033569336,325205000,49.26622009277344
NVDA,2023-11-20,49.3120002746582,50.54800033569336,49.180999755859375,50.409000396728516,414120000,50.37650680541992
NVDA,2023-11-21,50.125999450683594,50.516998291015625,49.22200012207031,49.944000244140625,565747000,49.911800384521484
NVDA,2023-11-22,49.85200119018555,50.334999084472656,47.689998626708984,48.715999603271484,899420000,48.684593200683594
NVDA,2023-11-24,48.470001220703125,48.92100143432617,47.744998931884766,47.7760009765625,294645000,47.74519729614258
NVDA,2023-11-27,47.79999923706055,48.529998779296875,47.652000427246094,48.242000579833984,395662000,48.210899353027344
NVDA,2023-11-28,48.236000061035156,48.323001861572266,47.472999572753906,47.82099914550781,401491000,47.790164947509766
NVDA,2023-11-29,48.37900161743164,48.762001037597656,47.86000061035156,48.13999938964844,382005000,48.10896301269531
NVDA,2023-11-30,48.02399826049805,48.11000061035156,46.422000885009766,46.77000045776367,526247000,46.73984909057617
NVDA,2023-12-01,46.525001525878906,47.20000076293945,46.1870002746582,46.76499938964844,369317000,46.73485565185547
NVDA,2023-12-04,46.07699966430664,46.07699966430664,45.0099983215332,45.5099983215332,437543000,45.48065948486328
NVDA,2023-12-05,45.465999603271484,46.599998474121094,45.270999908447266,46.566001892089844,371718000,46.540077209472656
NVDA,2023-12-06,47.21500015258789,47.387001037597656,45.4119987487793,45.50299835205078,380590000,45.477657318115234
NVDA,2023-12-07,45.70000076293945,46.62900161743164,45.604000091552734,46.59600067138672,350823000,46.5700569152832
NVDA,2023-12-08,46.595001220703125,47.74100112915039,46.54999923706055,47.50600051879883,359224000,47.479549407958984
NVDA,2023-12-11,47.49100112915039,47.53099822998047,45.83000183105469,46.62699890136719,509728000,46.60103988647461
NVDA,2023-12-12,46.04600143432617,47.66600036621094,46.04600143432617,47.65700149536133,372387000,47.63046646118164
NVDA,2023-12-13,47.62900161743164,48.59400177001953,47.608001708984375,48.0880012512207,447792000,48.06122970581055
NVDA,2023-12-14,48.38999938964844,48.66999816894531,47.422000885009766,48.349998474121094,391232000,48.32307434082031
NVDA,2023-12-15,48.194000244140625,49.40399932861328,48.119998931884766,48.88999938964844,479948000,48.862770080566406
NVDA,2023-12-18,49.400001525878906,50.43299865722656,49.150001525878906,50.07699966430664,412587000,50.04912185668945
NVDA,2023-12-19,49.42399978637695,49.70000076293945,48.89500045776367,49.604000091552734,464444000,49.57637405395508
NVDA,2023-12-20,49.654998779296875,49.999000549316406,48.097999572753906,48.111000061035156,397894000,48.08421325683594
NVDA,2023-12-21,48.81100082397461,49.095001220703125,48.41899871826172,48.9900016784668,300425000,48.96272277832031
NVDA,2023-12-22,49.19499969482422,49.382999420166016,48.46699905395508,48.83000183105469,252507000,48.80281448364258
NVDA,2023-12-26,48.96799850463867,49.599998474121094,48.959999084472656,49.27899932861328,244200000,49.251556396484375
NVDA,2023-12-27,49.51100158691406,49.68000030517578,49.084999084472656,49.41699981689453,233648000,49.389488220214844
NVDA,2023-12-28,49.643001556396484,49.88399887084961,49.4119987487793,49.52199935913086,246587000,49.49442672729492
NVDA,2023-12-29,49.8129997253418,49.99700164794922,48.750999450683594,49.52199935913086,389293000,49.49442672729492
NVDA,2024-01-02,49.24399948120117,49.29499816894531,47.595001220703125,48.167999267578125,411254000,48.141178131103516
NVDA,2024-01-03,47.48500061035156,48.183998107910156,47.31999969482422,47.569000244140625,320896000,47.54251480102539
NVDA,2024-01-04,47.766998291015625,48.5,47.507999420166016,47.99800109863281,306535000,47.97127914428711
NVDA,2024-01-05,48.46200180053711,49.547000885009766,48.305999755859375,49.09700012207031,415039000,49.06965637207031
NVDA,2024-01-08,49.512001037597656,52.275001525878906,49.479000091552734,52.25299835205078,642510000,52.22390365600586
NVDA,2024-01-09,52.4010009765625,54.32500076293945,51.689998626708984,53.13999938964844,773100000,53.11041259765625
NVDA,2024-01-10,53.61600112915039,54.599998474121094,53.48899841308594,54.349998474121094,533796000,54.319740295410156
NVDA,2024-01-11,54.999000549316406,55.34600067138672,53.560001373291016,54.821998596191406,596759000,54.791473388671875
NVDA,2024-01-12,54.619998931884766,54.970001220703125,54.33000183105469,54.709999084472656,352994000,54.679534912109375
NVDA,2024-01-16,55.018001556396484,56.834999084472656,54.900001525878906,56.38199996948242,449580000,56.350608825683594
NVDA,2024-01-17,56.34700012207031,56.47100067138672,54.7400016784668,56.053001403808594,474394000,56.02178955078125
NVDA,2024-01-18,57.2599983215332,57.599998474121094,56.106998443603516,57.106998443603516,491650000,57.07520294189453
NVDA,2024-01-19,57.98899841308594,59.5,57.224998474121094,59.49100112915039,543501000,59.45787811279297
NVDA,2024-01-22,60.04899978637695,60.33100128173828,59.06999969482422,59.65399932861328,452955000,59.62078857421875
NVDA,2024-01-23,59.56999969482422,59.90999984741211,58.584999084472656,59.87300109863281,294654000,59.83966827392578
NVDA,2024-01-24,60.30400085449219,62.8489990234375,59.9379997253418,61.36199951171875,560271000,61.32783889770508
NVDA,2024-01-25,62.349998474121094,62.71900177001953,60.849998474121094,61.617000579833984,482777000,61.58269500732422
NVDA,2024-01-26,60.959999084472656,61.78300094604492,60.573001861572266,61.03099822998047,390309000,60.99702072143555
NVDA,2024-01-29,61.231998443603516,62.48899841308594,60.90700149536133,62.46500015258789,348733000,62.43021774291992
NVDA,2024-01-30,62.900001525878906,63.49300003051758,62.2599983215332,62.77399826049805,410735000,62.739044189453125
NVDA,2024-01-31,61.439998626708984,62.26900100708008,60.70000076293945,61.527000427246094,453795000,61.49274444580078
NVDA,2024-02-01,62.099998474121094,63.191001892089844,61.650001525878906,63.027000427246094,369146000,62.991905212402344
NVDA,2024-02-02,63.9739990234375,66.5999984741211,63.689998626708984,66.160003662109375,476578000,66.1231689453125
NVDA,2024-02-05,68.2249984741211,69.49700164794922,67.20500183105469,69.332000732421875,680078000,69.29339599609375
NVDA,2024-02-06,69.62999725341797,69.753997802734375,66.30000305175781,68.2229995727539,683111000,68.18501281738281
NVDA,2024-02-07,68.319000244140625,70.220001220703125,67.5999984741211,70.0989990234375,495575000,70.0599594116211
NVDA,2024-02-08,70.0739974975586,70.79399871826172,69.45500183105469,69.64099884033203,414422000,69.60221099853516
NVDA,2024-02-09,70.53299713134766,72.18499755859375,70.21199798583984,72.13300323486328,436637000,72.09285736083984
NVDA,2024-02-12,72.5999984741211,74.61100006103516,71.25,72.24800109863281,613710000,72.20777130126953
NVDA,2024-02-13,70.4000015258789,73.44999694824219,69.62000274658203,72.12799835205078,602580000,72.08785247802734
NVDA,2024-02-14,73.2020034790039,74.23600006103516,71.93800354003906,73.9000015258789,504917000,73.8588638305664
NVDA,2024-02-15,73.86900329589844,73.9749984741211,72.4000015258789,72.65799713134766,420122000,72.61753845214844
NVDA,2024-02-16,74.0999984741211,74.4020004272461,72.5009994506836,72.61299896240234,495327000,72.57255554199219
NVDA,2024-02-20,71.9469985961914,71.95600128173828,67.73400115966797,69.4520034790039,704833000,69.413330078125
NVDA,2024-02-21,68.00599670410156,68.88800048828125,66.24800109863281,67.47200012207031,673755000,67.43443298339844
NVDA,2024-02-22,75.0250015258789,78.57499694824219,74.220001220703125,78.53800201416016,865100000,78.49427795410156
NVDA,2024-02-23,80.79000091552734,82.39399719238281,77.56999969482422,78.81700134277344,829388000,78.77311706542969
NVDA,2024-02-26,79.69999694824219,80.64600372314453,78.50499725341797,79.09200286865234,503973000,79.04796600341797
NVDA,2024-02-27,79.38099670410156,79.4800033569336,77.16200256347656,78.70099639892578,391705000,78.65716552734375
NVDA,2024-02-28,77.62000274658203,78.93299865722656,77.125,77.66300201416016,393110000,77.61976623535156
NVDA,2024-02-29,79.09400177001953,79.98999786376953,78.3499984741211,79.11199951171875,507289000,79.06793975830078
NVDA,2024-03-01,80,82.30000305175781,79.43499755859375,82.27899932861328,479135000,82.2331771850586
NVDA,2024-03-04,84.12999725341797,87.69499969482422,83.71900177001953,85.23699951171875,615616000,85.189544677734375
NVDA,2024-03-05,85.2699966430664,86.09700012207031,83.41699981689453,85.96399688720703,520639000,85.92017364501953
NVDA,2024-03-06,88.022003173828125,89.7239990234375,87.029998779296875,88.69999694824219,582520000,88.6547622680664
NVDA,2024-03-07,90.15799713134766,92.766998291015625,89.60199737548828,92.66899871826172,608119000,92.62174224853516
NVDA,2024-03-08,95.13800048828125,97.4000015258789,86.50599670410156,87.52799987792969,1142269000,87.4833755493164
NVDA,2024-03-11,86.42900085449219,88.7969970703125,84.16600036621094,85.77400207519531,678364000,85.73027038574219
NVDA,2024-03-12,88.04900360107422,91.95999908447266,86.1500015258789,91.91300201416016,668075000,91.86614227294922
NVDA,2024-03-13,91.05500030517578,91.503997802734375,88.43499755859375,90.88800048828125,635713000,90.841644287109375
NVDA,2024-03-14,89.5770034790039,90.64600372314453,86.5999984741211,87.944000244140625,602318000,87.89915466308594
NVDA,2024-03-15,86.93000030517578,89.5459976196289,86.25700378417969,87.83699798583984,642086000,87.7922134399414
NVDA,2024-03-18,90.38800048828125,92.404998779296875,87.08499908447266,88.45500183105469,668976000,88.40989685058594
NVDA,2024-03-19,86.69999694824219,90.54399871826172,85.01000213623047,89.39800262451172,672171000,89.3524169921875
NVDA,2024-03-20,89.7969970703125,90.410003662109375,88.2229995727539,90.37200164794922,479063000,90.32592010498047
NVDA,2024-03-21,92.30000305175781,92.64800262451172,90.404998779296875,91.43499755859375,480372000,91.38836669921875
NVDA,2024-03-22,91.14099884033203,94.77799987792969,90.83399963378906,94.28900146484375,586719000,94.24091339111328
NVDA,2024-03-25,93.94100189208984,96.76599884033203,93.51000213623047,95.00199890136719,552136000,94.95355224609375
NVDA,2024-03-26,95.85099792480469,96.375,92.50199890136719,92.56099700927734,513648000,92.51380157470703
NVDA,2024-03-27,93.11199951171875,93.23999786376953,89.12300109863281,90.25,586067000,90.20398712158203
NVDA,2024-03-28,90,91.30000305175781,89.19300079345703,90.35600280761719,435212000,90.30992126464844
NVDA,2024-04-01,90.29900360107422,92.2249984741211,89.2040023803711,90.36299896240234,452441000,90.3169174194336
NVDA,2024-04-02,88.447998046875,90.09400177001953,87.62000274658203,89.4520034790039,433064000,89.40638732910156
NVDA,2024-04-03,88.48400115966797,90.3740005493164,88.4000015258789,88.96399688720703,370067000,88.91864013671875
NVDA,2024-04-04,90.40599822998047,90.634002685546875,85.87999725341797,85.904998779296875,434965000,85.8611831665039
NVDA,2024-04-05,86.865997314453125,88.48100280761719,85.9260025024414,88.00800323486328,399678000,87.96312713623047
NVDA,2024-04-08,88.69999694824219,88.83000183105469,86.73200225830078,87.13300323486328,283220000,87.08856201171875
NVDA,2024-04-09,87.44200134277344,87.63500213623047,83.022003173828125,85.35399627685547,501700000,85.310455322265625
NVDA,2024-04-10,83.9260025024414,87.4000015258789,83.70899963378906,87.03900146484375,431929000,86.99462127685547
NVDA,2024-04-11,87.41999816894531,90.73899841308594,86.9260025024414,90.615997314453125,431637000,90.569793701171875
NVDA,2024-04-12,89.6989974975586,90.17500305175781,87.529998779296875,88.18599700927734,426805000,88.14103698730469
NVDA,2024-04-15,89.0979995727539,90.61299896240234,85.92900085449219,86.0009994506836,443077000,85.95713806152344
NVDA,2024-04-16,86.43299865722656,88.11799621582031,86.06400299072266,87.41500091552734,370453000,87.37042236328125
NVDA,2024-04-17,88.339996337890625,88.7750015258789,83.94999694824219,84.035003662109375,495400000,83.99214172363281
NVDA,2024-04-18,84.970001220703125,86.19000244140625,82.4020004272461,84.6709976196289,447260000,84.62781524658203
NVDA,2024-04-19,83.1500015258789,84.3239974975586,75.60600280761719,76.19999694824219,875198000,76.16114044189453
NVDA,2024-04-22,78.10399627685547,80.072998046875,76.4000015258789,79.51799774169922,596341000,79.477447509765625
NVDA,2024-04-23,80.76899719238281,82.76899719238281,80.26399993896484,82.4229965209961,438559000,82.38096618652344
NVDA,2024-04-24,83.94999694824219,84.082000732421875,79.18299865722656,79.677001953125,512208000,79.6363754272461
NVDA,2024-04-25,78.86799621582031,83.322998046875,78.2229995727539,82.63200378417969,424641000,82.5898666381836
NVDA,2024-04-26,83.81800079345703,88.33100128173828,83.38700103759766,87.73500061035156,551011000,87.69026947021484
NVDA,2024-04-29,87.595001220703125,87.99199676513672,85.26599884033203,87.75700378417969,388971000,87.712249755859375
NVDA,2024-04-30,87.23999786376953,88.819000244140625,86.30000305175781,86.4020004272461,363709000,86.35794830322266
NVDA,2024-05-01,85.0770034790039,86,81.25499725341797,83.04100036621094,559863000,82.99864959716797
NVDA,2024-05-02,84.4489974975586,86.23699951171875,83.19999694824219,85.81700134277344,377898000,85.77323913574219
NVDA,2024-05-03,87.78900146484375,89.28099822998047,87.04000091552734,88.78900146484375,398341000,88.74372100830078
NVDA,2024-05-06,89.38999938964844,92.220001220703125,89.05500030517578,92.13999938964844,376203000,92.09300994873047
NVDA,2024-05-07,91.0979995727539,91.78099822998047,89.01100158691406,90.55400085449219,437342000,90.5078125
NVDA,2024-05-08,89.483001708984375,91.194000244140625,89.41999816894531,90.41200256347656,325721000,90.36590576171875
NVDA,2024-05-09,90.52899932861328,91.0719985961914,88.23100280761719,88.74700164794922,378013000,88.701751708984375
NVDA,2024-05-10,90.30500030517578,91.4010009765625,89.22699737548828,89.87799835205078,335325000,89.83216857910156
NVDA,2024-05-13,90.477996826171875,90.99800109863281,88.52899932861328,90.39900207519531,289680000,90.35291290283203
NVDA,2024-05-14,89.5989990234375,91.6510009765625,88.93399810791016,91.35600280761719,296507000,91.3094253540039
NVDA,2024-05-15,92.47200012207031,94.86199951171875,91.5989990234375,94.62999725341797,417735000,94.58174133300781
NVDA,2024-05-16,94.910003662109375,95.819000244140625,94.102996826171875,94.35900115966797,323952000,94.3108901977539
NVDA,2024-05-17,94.36900329589844,94.73999786376953,91.805999755859375,92.47899627685547,359691000,92.43184661865234
NVDA,2024-05-20,93.75,95.19999694824219,93.44000244140625,94.779998779296875,318764000,94.73168182373047
NVDA,2024-05-21,93.5989990234375,95.4000015258789,93.18000030517578,95.38600158691406,328946000,95.33735656738281
NVDA,2024-05-22,95.45899963378906,96.0199966430664,93.2490005493164,94.94999694824219,548648000,94.90157318115234
NVDA,2024-05-23,102.02799987792969,106.31999969482422,101.5199966430664,103.79900360107422,835065000,103.74608612060547
NVDA,2024-05-24,104.4489974975586,106.4749984741211,103,106.46900177001953,429494000,106.41471099853516
NVDA,2024-05-28,110.24400329589844,114.93900299072266,109.88300323486328,113.9010009765625,652728000,113.8429183959961
NVDA,2024-05-29,113.05000305175781,115.49199676513672,110.9010009765625,114.82499694824219,557442000,114.76643371582031
NVDA,2024-05-30,114.6500015258789,115.81900024414062,109.66300201416016,110.5,484553000,110.44365692138672
NVDA,2024-05-31,112.5199966430664,112.71700286865234,106.94000244140625,109.63300323486328,613263000,109.57709503173828
NVDA,2024-06-03,113.62100219726562,115,112.00299835205078,115,438392000,114.94136047363281
NVDA,2024-06-04,115.71600341796875,116.5999984741211,114.04499816894531,116.43699645996094,403324000,116.37762451171875
NVDA,2024-06-05,118.37100219726562,122.4489974975586,117.46800231933594,122.44000244140625,528402000,122.3775634765625
NVDA,2024-06-06,124.0479965209961,125.58699798583984,118.31999969482422,120.99800109863281,664696000,120.93629455566406
NVDA,2024-06-07,119.7699966430664,121.69200134277344,118.02200317382812,120.88800048828125,412386000,120.82635498046875
NVDA,2024-06-10,120.37000274658203,123.0999984741211,117.01000213623047,121.79000091552734,313434100,121.72789764404297
NVDA,2024-06-11,121.7699966430664,122.87000274658203,118.73999786376953,120.91000366210938,222551200,120.8582763671875
NVDA,2024-06-12,123.05999755859375,126.87999725341797,122.56999969482422,125.19999694824219,299595000,125.14643859863281
NVDA,2024-06-13,129.38999938964844,129.8000030517578,127.16000366210938,129.61000061035156,260704500,129.55455017089844
NVDA,2024-06-14,129.9600067138672,132.83999633789062,128.32000732421875,131.8800048828125,309320400,131.82359313964844
NVDA,2024-06-17,132.99000549316406,133.72999572753906,129.5800018310547,130.97999572753906,288504400,130.92396545410156
NVDA,2024-06-18,131.13999938964844,136.3300018310547,130.69000244140625,135.5800018310547,294335100,135.52198791503906
NVDA,2024-06-20,139.8000030517578,140.75999450683594,129.52000427246094,130.77999877929688,517768400,130.72406005859375
NVDA,2024-06-21,127.12000274658203,130.6300048828125,124.30000305175781,126.56999969482422,649445800,126.5158462524414
NVDA,2024-06-24,123.23999786376953,124.45999908447266,118.04000091552734,118.11000061035156,476060900,118.05945587158203
NVDA,2024-06-25,121.19999694824219,126.5,119.31999969482422,126.08999633789062,414192600,126.03604888916016
NVDA,2024-06-26,126.12999725341797,128.1199951171875,122.5999984741211,126.4000015258789,362975900,126.3459243774414
NVDA,2024-06-27,124.0999984741211,126.41000366210938,122.91999816894531,123.98999786376953,252571700,123.93695068359375
NVDA,2024-06-28,124.58000183105469,127.70999908447266,122.75,123.54000091552734,315516700,123.48714447021484
NVDA,2024-07-01,123.47000122070312,124.83999633789062,118.83000183105469,124.30000305175781,284885500,124.246826171875
NVDA,2024-07-02,121.12999725341797,123.41000366210938,121.02999877929688,122.66999816894531,218374000,122.61750793457031
NVDA,2024-07-03,121.66000366210938,128.27999877929688,121.36000061035156,128.27999877929688,215749000,128.22511291503906
NVDA,2024-07-05,127.37999725341797,128.85000610351562,125.68000030517578,125.83000183105469,214176700,125.77616882324219
NVDA,2024-07-08,127.48999786376953,130.77000427246094,127.04000091552734,128.1999969482422,237677300,128.1451416015625
NVDA,2024-07-09,130.35000610351562,133.82000732421875,128.64999389648438,131.3800048828125,285366600,131.3238067626953
NVDA,2024-07-10,134.02999877929688,135.10000610351562,132.4199981689453,134.91000366210938,248978600,134.85227966308594
NVDA,2024-07-11,135.75,136.14999389648438,127.05000305175781,127.4000015258789,374782700,127.34549713134766
NVDA,2024-07-12,128.25999450683594,131.9199981689453,127.22000122070312,129.24000549316406,252680500,129.18470764160156
NVDA,2024-07-15,130.55999755859375,131.38999938964844,127.18000030517578,128.44000244140625,208326200,128.3850555419922
NVDA,2024-07-16,128.44000244140625,129.0399932861328,124.58000183105469,126.36000061035156,214769500,126.30593872070312
NVDA,2024-07-17,121.3499984741211,121.8499984741211,116.72000122070312,117.98999786376953,390086200,117.93952178955078
NVDA,2024-07-18,121.8499984741211,122.4000015258789,116.55999755859375,121.08999633789062,320979500,121.03819274902344
NVDA,2024-07-19,120.3499984741211,121.5999984741211,117.37000274658203,117.93000030517578,217223800,117.8795394897461
NVDA,2024-07-22,120.3499984741211,124.06999969482422,119.86000061035156,123.54000091552734,258068900,123.48714447021484
NVDA,2024-07-23,122.77999877929688,124.69000244140625,122.0999984741211,122.58999633789062,173911000,122.53755187988281
NVDA,2024-07-24,119.16999816894531,119.94999694824219,113.44000244140625,114.25,327776900,114.20112609863281
NVDA,2024-07-25,113.04000091552734,116.62999725341797,106.30000305175781,112.27999877929688,460067000,112.23196411132812
NVDA,2024-07-26,116.19000244140625,116.19999694824219,111.58000183105469,113.05999755859375,293399100,113.0116195678711
NVDA,2024-07-29,113.69000244140625,116.27999877929688,111.30000305175781,111.58999633789062,248152100,111.54225158691406
NVDA,2024-07-30,111.5199966430664,111.98999786376953,102.54000091552734,103.7300033569336,486833300,103.68561553955078
NVDA,2024-07-31,112.9000015258789,118.33999633789062,110.87999725341797,117.0199966430664,473174200,116.96991729736328
NVDA,2024-08-01,117.52999877929688,120.16000366210938,106.80999755859375,109.20999908447266,523462300,109.16327667236328
NVDA,2024-08-02,103.76000213623047,108.72000122070312,101.37000274658203,107.2699966430664,482027500,107.22410583496094
NVDA,2024-08-05,92.05999755859375,103.41000366210938,90.69000244140625,100.44999694824219,552842400,100.40702056884766
NVDA,2024-08-06,103.83999633789062,107.70999908447266,100.55000305175781,104.25,409012100,104.20541381835938
NVDA,2024-08-07,107.80999755859375,108.80000305175781,98.69000244140625,98.910003662109375,411440400,98.86768341064453
NVDA,2024-08-08,102,105.5,97.5199966430664,104.97000122070312,391910000,104.92508697509766
NVDA,2024-08-09,105.63999938964844,106.5999984741211,103.43000030517578,104.75,290844200,104.70518493652344
NVDA,2024-08-12,106.31999969482422,111.06999969482422,106.26000213623047,109.0199966430664,325559900,108.97335815429688
NVDA,2024-08-13,112.44000244140625,116.2300033569336,111.58000183105469,116.13999938964844,312646700,116.0903091430664
NVDA,2024-08-14,118.52999877929688,118.5999984741211,114.06999969482422,118.08000183105469,339246400,118.02949523925781
NVDA,2024-08-15,118.76000213623047,123.23999786376953,117.47000122070312,122.86000061035156,318086700,122.80744171142578
NVDA,2024-08-16,121.94000244140625,125,121.18000030517578,124.58000183105469,302589900,124.52670288085938
NVDA,2024-08-19,124.27999877929688,130,123.41999816894531,130,318333600,129.9443817138672
NVDA,2024-08-20,128.39999389648438,129.8800048828125,125.88999938964844,127.25,300087400,127.19556427001953
NVDA,2024-08-21,127.31999969482422,129.35000610351562,126.66000366210938,128.5,257883600,128.4450225830078
NVDA,2024-08-22,130.02000427246094,130.75,123.0999984741211,123.73999786376953,376189100,123.68704986572266
NVDA,2024-08-23,125.86000061035156,129.60000610351562,125.22000122070312,129.3699951171875,323230300,129.31463623046875
NVDA,2024-08-26,129.57000732421875,131.25999450683594,124.37000274658203,126.45999908447266,331964700,126.40589904785156
NVDA,2024-08-27,125.05000305175781,129.1999969482422,123.87999725341797,128.3000030517578,303134600,128.2451171875
NVDA,2024-08-28,128.1199951171875,128.3300018310547,122.63999938964844,125.61000061035156,448101100,125.55626678466797
NVDA,2024-08-29,121.36000061035156,124.43000030517578,116.70999908447266,117.58999633789062,453023300,117.53968811035156
NVDA,2024-08-30,119.52999877929688,121.75,117.22000122070312,119.37000274658203,333751600,119.31893157958984
NVDA,2024-09-03,116.01000213623047,116.20999908447266,107.29000091552734,108,477155100,107.95378875732422
NVDA,2024-09-04,105.41000366210938,113.2699966430664,104.12000274658203,106.20999908447266,372470300,106.16456604003906
NVDA,2024-09-05,104.98999786376953,109.6500015258789,104.76000213623047,107.20999908447266,306850700,107.16413879394531
NVDA,2024-09-06,108.04000091552734,108.1500015258789,100.94999694824219,102.83000183105469,413638100,102.78599548339844
NVDA,2024-09-09,104.87999725341797,106.55000305175781,103.69000244140625,106.47000122070312,273912000,106.42445373535156
NVDA,2024-09-10,107.80999755859375,109.4000015258789,104.94999694824219,108.0999984741211,268283700,108.05374145507812
NVDA,2024-09-11,109.38999938964844,117.19000244140625,107.41999816894531,116.91000366210938,441422400,116.8599853515625
NVDA,2024-09-12,116.83999633789062,120.79000091552734,115.37999725341797,119.13999938964844,366052700,119.09921264648438
NVDA,2024-09-13,119.08000183105469,119.95999908447266,117.5999984741211,119.0999984741211,238358300,119.0592269897461
NVDA,2024-09-16,116.79000091552734,118.18000030517578,114.36000061035156,116.77999877929688,248772300,116.7400131225586
NVDA,2024-09-17,118.16999816894531,118.80000305175781,114.83000183105469,115.58999633789062,231925900,115.55043029785156
NVDA,2024-09-18,115.88999938964844,117.69999694824219,113.22000122070312,113.37000274658203,310318900,113.33118438720703
NVDA,2024-09-19,117.3499984741211,119.66000366210938,117.25,117.87000274658203,293506400,117.82965087890625
NVDA,2024-09-20,117.05999755859375,118.62000274658203,115.38999938964844,116,382462400,115.9603042602539
NVDA,2024-09-23,116.55000305175781,116.98999786376953,114.86000061035156,116.26000213623047,206228500,116.22020721435547
NVDA,2024-09-24,116.5199966430664,121.80000305175781,115.37999725341797,120.87000274658203,354966800,120.82862854003906
NVDA,2024-09-25,122.0199966430664,124.94000244140625,121.61000061035156,123.51000213623047,284692900,123.46772003173828
NVDA,2024-09-26,126.80000305175781,127.66999816894531,121.80000305175781,124.04000091552734,302582900,123.9975357055664
NVDA,2024-09-27,123.97000122070312,124.02999877929688,119.26000213623047,121.4000015258789,271009200,121.35844421386719
NVDA,2024-09-30,118.30999755859375,121.5,118.1500015258789,121.44000244140625,226553700,121.39842224121094
NVDA,2024-10-01,121.7699966430664,122.44000244140625,115.79000091552734,117,302094500,116.95994567871094
NVDA,2024-10-02,116.44000244140625,119.37999725341797,115.13999938964844,118.8499984741211,221845900,118.80931854248047
NVDA,2024-10-03,120.91999816894531,124.36000061035156,120.33999633789062,122.8499984741211,277118000,122.80794525146484
NVDA,2024-10-04,124.94000244140625,125.04000091552734,121.83000183105469,124.91999816894531,243678100,124.87723541259766
NVDA,2024-10-07,124.98999786376953,130.63999938964844,124.94999694824219,127.72000122070312,346250200,127.67627716064453
NVDA,2024-10-08,130.25999450683594,133.47999572753906,129.4199981689453,132.88999938964844,285722500,132.84449768066406
NVDA,2024-10-09,134.11000061035156,134.52000427246094,131.3800048828125,132.64999389648438,246191600,132.60459899902344
NVDA,2024-10-10,131.91000366210938,135,131,134.80999755859375,242311300,134.7638397216797
NVDA,2024-10-11,134.00999450683594,135.77999877929688,133.66000366210938,134.8000030517578,170209500,134.7538604736328
NVDA,2024-10-14,136.47000122070312,139.60000610351562,136.3000030517578,138.07000732421875,232347700,138.0227508544922
NVDA,2024-10-15,137.8699951171875,138.57000732421875,128.74000549316406,131.60000610351562,377831000,131.55496215820312
NVDA,2024-10-16,133.97999572753906,136.6199951171875,131.5800018310547,135.72000122070312,264879700,135.6735382080078
NVDA,2024-10-17,139.33999633789062,140.88999938964844,136.8699951171875,136.92999267578125,306435900,136.8831329345703
NVDA,2024-10-18,138.6699981689453,138.89999389648438,137.27999877929688,138,176090200,137.9527587890625
NVDA,2024-10-21,138.1300048828125,143.7100067138672,138,143.7100067138672,264554500,143.6608123779297
NVDA,2024-10-22,142.91000366210938,144.4199981689453,141.77999877929688,143.58999633789062,226311600,143.5408477783203
NVDA,2024-10-23,142.02999877929688,142.42999267578125,137.4600067138672,139.55999755859375,285930000,139.51222229003906
NVDA,2024-10-24,140.82000732421875,141.35000610351562,138.4600067138672,140.41000366210938,172354900,140.3619384765625
NVDA,2024-10-25,140.92999267578125,144.1300048828125,140.8000030517578,141.5399932861328,205122100,141.49154663085938
NVDA,2024-10-28,143,143.13999938964844,140.0500030517578,140.52000427246094,173586700,140.47190856933594
NVDA,2024-10-29,140.2899932861328,142.25999450683594,138.89999389648438,141.25,157593600,141.20164489746094
NVDA,2024-10-30,139.5399932861328,140.3300018310547,136.80999755859375,139.33999633789062,179418100,139.29229736328125
NVDA,2024-10-31,137.60000610351562,137.61000061035156,132.11000061035156,132.75999450683594,270039600,132.7145538330078
NVDA,2024-11-01,134.6999969482422,137.30999755859375,134.57000732421875,135.39999389648438,207127800,135.35365295410156
NVDA,2024-11-04,137.2100067138672,138.9600067138672,135.57000732421875,136.0500030517578,187528200,136.00343322753906
NVDA,2024-11-05,137.4499969482422,140.3699951171875,137.3300018310547,139.91000366210938,160537400,139.8621063232422
NVDA,2024-11-06,142.9600067138672,146.49000549316406,141.9600067138672,145.61000061035156,242043900,145.56016540527344
NVDA,2024-11-07,146.38999938964844,148.92999267578125,146.1699981689453,148.8800048828125,207323300,148.8290557861328
NVDA,2024-11-08,148.77000427246094,149.77000427246094,146.25999450683594,147.6300048828125,175665800,147.57943725585938
NVDA,2024-11-11,148.67999267578125,148.85000610351562,143.57000732421875,145.25999450683594,182325600,145.21026611328125
NVDA,2024-11-12,146.77999877929688,149.64999389648438,146.00999450683594,148.2899932861328,198634700,148.2392120361328
NVDA,2024-11-13,149.07000732421875,149.3300018310547,145.89999389648438,146.27000427246094,191903300,146.2199249267578
NVDA,2024-11-14,147.63999938964844,149,145.5500030517578,146.75999450683594,194463300,146.70974731445312
NVDA,2024-11-15,144.8699951171875,145.24000549316406,140.0800018310547,141.97999572753906,250132900,141.93138122558594
NVDA,2024-11-18,139.5,141.5500030517578,137.14999389648438,140.14999389648438,221205300,140.1020050048828
NVDA,2024-11-19,141.32000732421875,147.1300048828125,140.99000549316406,147.00999450683594,227834900,146.9596710205078
NVDA,2024-11-20,147.41000366210938,147.55999755859375,142.72999572753906,145.88999938964844,309871700,145.84005737304688
NVDA,2024-11-21,149.35000610351562,152.88999938964844,140.6999969482422,146.6699981689453,400946600,146.6197967529297
NVDA,2024-11-22,145.92999267578125,147.16000366210938,141.10000610351562,141.9499969482422,236406200,141.90138244628906
NVDA,2024-11-25,141.99000549316406,142.0500030517578,135.82000732421875,136.02000427246094,344941900,135.9734344482422
NVDA,2024-11-26,137.6999969482422,139.3000030517578,135.6699981689453,136.9199981689453,190287700,136.87313842773438
NVDA,2024-11-27,135.00999450683594,137.22000122070312,131.8000030517578,135.33999633789062,226370900,135.2936553955078
NVDA,2024-11-29,136.77999877929688,139.35000610351562,136.0500030517578,138.25,141863200,138.2026824951172
NVDA,2024-12-02,138.8300018310547,140.4499969482422,137.82000732421875,138.6300048828125,171682800,138.58253479003906
NVDA,2024-12-03,138.25999450683594,140.5399932861328,137.9499969482422,140.25999450683594,164414000,140.2119903564453
NVDA,2024-12-04,142,145.7899932861328,140.2899932861328,145.13999938964844,231224300,145.09033203125
NVDA,2024-12-05,145.11000061035156,146.5399932861328,143.9499969482422,145.05999755859375,172621200,145.0203399658203
NVDA,2024-12-06,144.60000610351562,145.6999969482422,141.30999755859375,142.44000244140625,188505600,142.40106201171875
NVDA,2024-12-09,138.97000122070312,139.9499969482422,137.1300048828125,138.80999755859375,189308600,138.77203369140625
NVDA,2024-12-10,139.00999450683594,141.82000732421875,133.7899932861328,135.07000732421875,210020900,135.03306579589844
NVDA,2024-12-11,137.36000061035156,140.1699981689453,135.2100067138672,139.30999755859375,184905200,139.2718963623047
NVDA,2024-12-12,137.0800018310547,138.44000244140625,135.8000030517578,137.33999633789062,159211400,137.30242919921875
NVDA,2024-12-13,138.94000244140625,139.60000610351562,132.5399932861328,134.25,231514900,134.21328735351562
NVDA,2024-12-16,134.17999267578125,134.39999389648438,130.4199981689453,132,237951100,131.96388244628906
NVDA,2024-12-17,129.08999633789062,131.58999633789062,126.86000061035156,130.38999938964844,259410300,130.35433959960938
NVDA,2024-12-18,133.86000061035156,136.6999969482422,128.27999877929688,128.91000366210938,277444500,128.874755859375
NVDA,2024-12-19,131.75999450683594,134.02999877929688,129.5500030517578,130.67999267578125,209719200,130.6442413330078
NVDA,2024-12-20,129.80999755859375,135.27999877929688,128.22000122070312,134.6999969482422,306528600,134.6631622314453
NVDA,2024-12-23,136.27999877929688,139.7899932861328,135.1199951171875,139.6699981689453,176053500,139.63180541992188
NVDA,2024-12-24,140,141.89999389648438,138.64999389648438,140.22000122070312,105157000,140.18165588378906
NVDA,2024-12-26,139.6999969482422,140.85000610351562,137.72999572753906,139.92999267578125,116205600,139.89173889160156
NVDA,2024-12-27,138.5500030517578,139.02000427246094,134.7100067138672,137.00999450683594,170582600,136.9725341796875
NVDA,2024-12-30,134.8300018310547,140.27000427246094,134.02000427246094,137.49000549316406,167734700,137.452392578125
NVDA,2024-12-31,138.02999877929688,138.07000732421875,133.8300018310547,134.2899932861328,155659200,134.25328063964844
NVDA,2025-01-02,136,138.8800048828125,134.6300048828125,138.30999755859375,198247200,138.2721710205078
NVDA,2025-01-03,140.00999450683594,144.89999389648438,139.72999572753906,144.47000122070312,229322500,144.4304962158203
NVDA,2025-01-06,148.58999633789062,152.16000366210938,147.82000732421875,149.42999267578125,265377400,149.38912963867188
NVDA,2025-01-07,153.02999877929688,153.1300048828125,140.00999450683594,140.13999938964844,351782200,140.10166931152344
NVDA,2025-01-08,142.5800018310547,143.9499969482422,137.55999755859375,140.11000061035156,227349900,140.0717010498047
NVDA,2025-01-10,137.4499969482422,139.9199981689453,134.22000122070312,135.91000366210938,207602500,135.8728485107422
NVDA,2025-01-13,129.99000549316406,133.49000549316406,129.50999450683594,133.22999572753906,204808900,133.19357299804688
NVDA,2025-01-14,136.0500030517578,136.3800048828125,130.0500030517578,131.75999450683594,195590500,131.72396850585938
NVDA,2025-01-15,133.64999389648438,136.4499969482422,131.2899932861328,136.24000549316406,185217300,136.2027587890625
NVDA,2025-01-16,138.63999938964844,138.75,133.49000549316406,133.57000732421875,209235600,133.53347778320312
NVDA,2025-01-17,136.69000244140625,138.5,135.4600067138672,137.7100067138672,201188800,137.67234802246094
NVDA,2025-01-21,139.16000366210938,141.8300018310547,137.08999633789062,140.8300018310547,197749000,140.79148864746094
NVDA,2025-01-22,144.66000366210938,147.7899932861328,143.6699981689453,147.07000732421875,237651400,147.02981567382812
NVDA,2025-01-23,145.0500030517578,147.22999572753906,143.72000122070312,147.22000122070312,155915500,147.17974853515625
NVDA,2025-01-24,148.3699951171875,148.97000122070312,141.8800048828125,142.6199951171875,234657600,142.58099365234375
NVDA,2025-01-27,124.80000305175781,128.39999389648438,116.69999694824219,118.41999816894531,818830900,118.38761901855469
NVDA,2025-01-28,121.80999755859375,129,116.25,128.99000549316406,579666400,128.95472717285156
NVDA,2025-01-29,126.5,126.88999938964844,120.05000305175781,123.69999694824219,467120600,123.66617584228516
NVDA,2025-01-30,123.0999984741211,125,118.0999984741211,124.6500015258789,392925500,124.61592102050781
NVDA,2025-01-31,123.77999877929688,127.8499984741211,119.19000244140625,120.06999969482422,388161100,120.03717041015625
NVDA,2025-02-03,114.75,118.56999969482422,113.01000213623047,116.66000366210938,371235700,116.62810516357422
NVDA,2025-02-04,116.95999908447266,121.19999694824219,116.69999694824219,118.6500015258789,256550000,118.6175537109375
NVDA,2025-02-05,121.76000213623047,125,120.76000213623047,124.83000183105469,262230800,124.79586029052734
NVDA,2025-02-06,127.41999816894531,128.77000427246094,125.20999908447266,128.67999267578125,251483600,128.64480590820312
NVDA,2025-02-07,129.22000122070312,130.3699951171875,125,129.83999633789062,228186300,129.80447387695312
NVDA,2025-02-10,130.08999633789062,135,129.9600067138672,133.57000732421875,216989100,133.53347778320312
NVDA,2025-02-11,132.5800018310547,134.47999572753906,131.02000427246094,132.8000030517578,178902400,132.76370239257812
NVDA,2025-02-12,130.02000427246094,132.24000549316406,129.0800018310547,131.13999938964844,160278600,131.10414123535156
NVDA,2025-02-13,131.55999755859375,136.5,131.1699981689453,135.2899932861328,197430000,135.25299072265625
NVDA,2025-02-14,136.47999572753906,139.25,135.5,138.85000610351562,195479600,138.81202697753906
NVDA,2025-02-18,141.27000427246094,143.44000244140625,137.92999267578125,139.39999389648438,219176600,139.36187744140625
NVDA,2025-02-19,139.50999450683594,141.36000061035156,137.22000122070312,139.22999572753906,167536000,139.1919403076172
NVDA,2025-02-20,140.02999877929688,140.66000366210938,136.7899932861328,140.11000061035156,143903600,140.0717010498047
NVDA,2025-02-21,140.0399932861328,141.4600067138672,134.02999877929688,134.42999267578125,228217600,134.3932342529297
NVDA,2025-02-24,136.55999755859375,138.58999633789062,130.0800018310547,130.27999877929688,251381100,130.244384765625
NVDA,2025-02-25,129.97999572753906,130.1999969482422,124.44000244140625,126.62999725341797,271428700,126.59537506103516
NVDA,2025-02-26,129.99000549316406,133.72999572753906,128.49000549316406,131.27999877929688,322553800,131.24411010742188
NVDA,2025-02-27,135,135.00999450683594,120.01000213623047,120.1500015258789,443175800,120.11714935302734
NVDA,2025-02-28,118.0199966430664,125.08999633789062,116.4000015258789,124.91999816894531,389091100,124.8858413696289
NVDA,2025-03-03,123.51000213623047,123.69999694824219,112.27999877929688,114.05999755859375,411381400,114.02880859375
NVDA,2025-03-04,110.6500015258789,119.30999755859375,110.11000061035156,115.98999786376953,398163300,115.95829010009766
NVDA,2025-03-05,117.58000183105469,118.27999877929688,114.51000213623047,117.30000305175781,284337900,117.26792907714844
NVDA,2025-03-06,113.52999877929688,115.3499984741211,110.22000122070312,110.56999969482422,321181900,110.53976440429688
NVDA,2025-03-07,111.25,113.4800033569336,107.55999755859375,112.69000244140625,341755500,112.65919494628906
NVDA,2025-03-10,109.9000015258789,111.8499984741211,105.45999908447266,106.9800033569336,366487400,106.95074462890625
NVDA,2025-03-11,106.98999786376953,112.23999786376953,104.7699966430664,108.76000213623047,354865700,108.73026275634766
NVDA,2025-03-12,114.12000274658203,116.76000213623047,112.87999725341797,115.73999786376953,323857500,115.71900177001953
NVDA,2025-03-13,117.02999877929688,117.76000213623047,113.79000091552734,115.58000183105469,299033100,115.55902862548828
NVDA,2025-03-14,118.61000061035156,121.87999725341797,118.1500015258789,121.66999816894531,277593500,121.64791870117188
NVDA,2025-03-17,122.73999786376953,122.88999938964844,118.02999877929688,119.52999877929688,255501500,119.50830841064453
NVDA,2025-03-18,118,119.0199966430664,114.54000091552734,115.43000030517578,299686900,115.4090576171875
NVDA,2025-03-19,117.2699966430664,120.44999694824219,115.68000030517578,117.5199966430664,273426200,117.49867248535156
NVDA,2025-03-20,116.55000305175781,120.19999694824219,116.47000122070312,118.52999877929688,248829700,118.50848388671875
NVDA,2025-03-21,116.94000244140625,117.98999786376953,115.41999816894531,117.69999694824219,266498500,117.67863464355469
NVDA,2025-03-24,119.87999725341797,122.22000122070312,119.33999633789062,121.41000366210938,228452500,121.38796997070312
NVDA,2025-03-25,120.55000305175781,121.29000091552734,118.91999816894531,120.69000244140625,167447200,120.66809844970703
NVDA,2025-03-26,118.7300033569336,118.83999633789062,112.70999908447266,113.76000213623047,293463300,113.7393569946289
NVDA,2025-03-27,111.3499984741211,114.44999694824219,110.66000366210938,111.43000030517578,236902100,111.40977478027344
NVDA,2025-03-28,111.48999786376953,112.87000274658203,109.06999969482422,109.66999816894531,229872500,109.65009307861328
NVDA,2025-03-31,105.12999725341797,110.95999908447266,103.6500015258789,108.37999725341797,299212700,108.3603286743164
NVDA,2025-04-01,108.5199966430664,110.19999694824219,106.47000122070312,110.1500015258789,222614000,110.13001251220703
NVDA,2025-04-02,107.29000091552734,111.9800033569336,106.79000091552734,110.41999816894531,220601200,110.39995574951172
NVDA,2025-04-03,103.51000213623047,105.62999725341797,101.5999984741211,101.80000305175781,338769400,101.78153228759766
NVDA,2025-04-04,98.910003662109375,100.12999725341797,92.11000061035156,94.30999755859375,532273800,94.29288482666016
NVDA,2025-04-07,87.45999908447266,101.75,86.62000274658203,97.63999938964844,611041300,97.62227630615234
NVDA,2025-04-08,103.80999755859375,105.8499984741211,94.45999908447266,96.30000305175781,476243400,96.28252410888672
NVDA,2025-04-09,98.88999938964844,115.0999984741211,97.529998779296875,114.33000183105469,612918300,114.30925750732422
NVDA,2025-04-10,109.37000274658203,110.86000061035156,99.1500015258789,107.56999969482422,437812400,107.55047607421875
NVDA,2025-04-11,108.5,111.55000305175781,107.4800033569336,110.93000030517578,313417300,110.90986633300781
NVDA,2025-04-14,114.11000061035156,114.29000091552734,109.06999969482422,110.70999908447266,264705000,110.68990325927734
NVDA,2025-04-15,110.97000122070312,113.62000274658203,110.5,112.19999694824219,228966900,112.17963409423828
NVDA,2025-04-16,104.55000305175781,106.79000091552734,100.44999694824219,104.48999786376953,397016900,104.47103881835938
NVDA,2025-04-17,104.44999694824219,104.47000122070312,100.05000305175781,101.48999786376953,292517500,101.47157287597656
NVDA,2025-04-21,98.7699966430664,99.44000244140625,95.04000091552734,96.910003662109375,288501100,96.89241790771484
NVDA,2025-04-22,98.779998779296875,99.80999755859375,97.279998779296875,98.88999938964844,241004800,98.8720474243164
NVDA,2025-04-23,104.5199966430664,104.80000305175781,102.0199966430664,102.70999908447266,247526000,102.69136047363281
NVDA,2025-04-24,103.4800033569336,106.54000091552734,103.11000061035156,106.43000030517578,220815000,106.41067504882812
NVDA,2025-04-25,106.8499984741211,111.91999816894531,105.7300033569336,111.01000213623047,251064700,110.98986053466797
NVDA,2025-04-28,109.69000244140625,110.37000274658203,106.0199966430664,108.7300033569336,207708500,108.71026611328125
NVDA,2025-04-29,107.66999816894531,110.19999694824219,107.44000244140625,109.0199966430664,170444300,109.00021362304688
NVDA,2025-04-30,104.47000122070312,108.91999816894531,104.08000183105469,108.91999816894531,235044600,108.90023040771484
NVDA,2025-05-01,113.08000183105469,114.94000244140625,111.30000305175781,111.61000061035156,236121500,111.5897445678711
NVDA,2025-05-02,114.18000030517578,115.4000015258789,113.37000274658203,114.5,190194800,114.4792251586914
NVDA,2025-05-05,112.91000366210938,114.66999816894531,112.66000366210938,113.81999969482422,133163200,113.79934692382812
NVDA,2025-05-06,111.4800033569336,114.73999786376953,110.81999969482422,113.54000091552734,158525600,113.51940155029297
NVDA,2025-05-07,113.05000305175781,117.68000030517578,112.27999877929688,117.05999755859375,206758800,117.03875732421875
NVDA,2025-05-08,118.25,118.68000030517578,115.8499984741211,117.37000274658203,198428100,117.34870910644531
NVDA,2025-05-09,117.3499984741211,118.2300033569336,115.20999908447266,116.6500015258789,132972200,116.62882995605469
NVDA,2025-05-12,121.97000122070312,123,120.27999877929688,123,225023300,122.9776840209961
NVDA,2025-05-13,124.9800033569336,131.22000122070312,124.47000122070312,129.92999267578125,330430100,129.9064178466797
NVDA,2025-05-14,133.1999969482422,135.44000244140625,131.67999267578125,135.33999633789062,281180800,135.3154296875
NVDA,2025-05-15,134.2899932861328,136.3000030517578,132.66000366210938,134.8300018310547,226632600,134.80552673339844
NVDA,2025-05-16,136.22000122070312,136.35000610351562,133.4600067138672,135.39999389648438,226542500,135.37542724609375
NVDA,2025-05-19,132.38999938964844,135.8699951171875,132.38999938964844,135.57000732421875,193154600,135.54539489746094
NVDA,2025-05-20,134.2899932861328,134.5800018310547,132.6199951171875,134.3800048828125,161514200,134.35562133789062
NVDA,2025-05-21,133.05999755859375,137.39999389648438,130.58999633789062,131.8000030517578,270608700,131.7760772705078
NVDA,2025-05-22,132.22999572753906,134.25,131.5500030517578,132.8300018310547,187344000,132.80589294433594
NVDA,2025-05-23,130,132.67999267578125,129.16000366210938,131.2899932861328,198821300,131.26617431640625
NVDA,2025-05-27,134.14999389648438,135.66000366210938,133.30999755859375,135.5,192953600,135.47540283203125
NVDA,2025-05-28,136.02999877929688,137.25,134.7899932861328,134.80999755859375,304021100,134.78553771972656
NVDA,2025-05-29,142.25,143.49000549316406,137.91000366210938,139.19000244140625,369241900,139.1647491455078
NVDA,2025-05-30,138.72000122070312,139.6199951171875,132.9199981689453,135.1300048828125,333170900,135.10548400878906
NVDA,2025-06-02,135.49000549316406,138.1199951171875,135.39999389648438,137.3800048828125,197663100,137.35507202148438
NVDA,2025-06-03,138.77999877929688,142,137.9499969482422,141.22000122070312,225578800,141.19436645507812
NVDA,2025-06-04,142.19000244140625,142.38999938964844,139.5399932861328,141.9199981689453,167120800,141.8942413330078
NVDA,2025-06-05,142.1699981689453,144,138.8300018310547,139.99000549316406,231397900,139.964599609375
NVDA,2025-06-06,142.50999450683594,143.27000427246094,141.50999450683594,141.72000122070312,153986200,141.69427490234375
NVDA,2025-06-09,143.19000244140625,145,141.94000244140625,142.6300048828125,185114500,142.6041259765625
NVDA,2025-06-10,142.69000244140625,144.2899932861328,141.52999877929688,143.9600067138672,155881900,143.9338836669922
NVDA,2025-06-11,144.61000061035156,144.99000549316406,141.8699951171875,142.8300018310547,167694000,142.81399536132812
NVDA,2025-06-12,141.97000122070312,145,141.85000610351562,145,162365000,144.98374938964844
NVDA,2025-06-13,142.47999572753906,143.5800018310547,140.85000610351562,141.97000122070312,180820600,141.95408630371094
NVDA,2025-06-16,143.35000610351562,146.17999267578125,143.1999969482422,144.69000244140625,183133700,144.6737823486328
NVDA,2025-06-17,144.49000549316406,145.22000122070312,143.77999877929688,144.1199951171875,139108000,144.1038360595703
NVDA,2025-06-18,144.00999450683594,145.64999389648438,143.1199951171875,145.47999572753906,161494100,145.46368408203125
NVDA,2025-06-20,145.4499969482422,146.1999969482422,142.64999389648438,143.85000610351562,242956200,143.83387756347656
NVDA,2025-06-23,142.5,144.77999877929688,142.02999877929688,144.1699981689453,154308900,144.15383911132812
NVDA,2025-06-24,145.55999755859375,147.9600067138672,145.5,147.89999389648438,187566100,147.88340759277344
NVDA,2025-06-25,149.27000427246094,154.4499969482422,149.25999450683594,154.30999755859375,269146500,154.29270935058594
NVDA,2025-06-26,155.97999572753906,156.72000122070312,154,155.02000427246094,198145700,155.00262451171875
NVDA,2025-06-27,156.0399932861328,158.7100067138672,155.25999450683594,157.75,263234500,157.73231506347656
NVDA,2025-06-30,158.39999389648438,158.66000366210938,155.9600067138672,157.99000549316406,194580300,157.97230529785156
NVDA,2025-07-01,156.2899932861328,157.1999969482422,151.49000549316406,153.3000030517578,213143600,153.2828369140625
NVDA,2025-07-02,152.97999572753906,157.60000610351562,152.97000122070312,157.25,171224100,157.2323760986328
NVDA,2025-07-03,158.3699951171875,160.97999572753906,157.77000427246094,159.33999633789062,143716100,159.3221435546875
NVDA,2025-07-07,158.1999969482422,159.30999755859375,157.33999633789062,158.24000549316406,140139000,158.22227478027344
NVDA,2025-07-08,159.3300018310547,160.22000122070312,158.38999938964844,160,138133000,159.98207092285156
NVDA,2025-07-09,161.22000122070312,164.4199981689453,161.16000366210938,162.8800048828125,183656400,162.86175537109375
NVDA,2025-07-10,164.32000732421875,164.5,161.61000061035156,164.10000610351562,167704100,164.0816192626953
NVDA,2025-07-11,163.72000122070312,167.88999938964844,163.47000122070312,164.9199981689453,193633300,164.90151977539062
NVDA,2025-07-14,165.3699951171875,165.49000549316406,162.02000427246094,164.07000732421875,136975800,164.05162048339844
NVDA,2025-07-15,171.19000244140625,172.39999389648438,169.1999969482422,170.6999969482422,230627400,170.6808624267578
NVDA,2025-07-16,171.05999755859375,171.75,168.89999389648438,171.3699951171875,158831500,171.35079956054688
NVDA,2025-07-17,172.02000427246094,174.16000366210938,170.8300018310547,173,160841100,172.98062133789062
NVDA,2025-07-18,173.63999938964844,174.25,171.25999450683594,172.41000366210938,146456400,172.39068603515625
NVDA,2025-07-21,172.75,173.3800048828125,171,171.3800048828125,123126100,171.36080932617188
NVDA,2025-07-22,171.33999633789062,171.38999938964844,164.5800018310547,167.02999877929688,193114300,167.01129150390625
NVDA,2025-07-23,169.52999877929688,171.25999450683594,167.97000122070312,170.77999877929688,154082200,170.7608642578125
NVDA,2025-07-24,172.44000244140625,173.8300018310547,171.3000030517578,173.74000549316406,128984600,173.7205352783203
NVDA,2025-07-25,173.61000061035156,174.72000122070312,172.9600067138672,173.5,122316800,173.48056030273438
NVDA,2025-07-28,174.02000427246094,177,173.97000122070312,176.75,140023500,176.73019409179688
NVDA,2025-07-29,177.9600067138672,179.3800048828125,175.02000427246094,175.50999450683594,154077500,175.49032592773438
NVDA,2025-07-30,176.50999450683594,179.88999938964844,176.0399932861328,179.27000427246094,174312200,179.2499237060547
NVDA,2025-07-31,182.89999389648438,183.3000030517578,175.92999267578125,177.8699951171875,221685400,177.85006713867188
NVDA,2025-08-01,174.08999633789062,176.5399932861328,170.88999938964844,173.72000122070312,204529000,173.70053100585938
NVDA,2025-08-04,175.16000366210938,180.1999969482422,174.52000427246094,180,148174600,179.97982788085938
NVDA,2025-08-05,179.6199951171875,180.25999450683594,175.89999389648438,178.25999450683594,156407600,178.24002075195312
NVDA,2025-08-06,176.3300018310547,179.89999389648438,176.25,179.4199981689453,137192300,179.39988708496094
NVDA,2025-08-07,181.57000732421875,183.8800048828125,178.8000030517578,180.77000427246094,151878400,180.749755859375
NVDA,2025-08-08,181.5500030517578,183.3000030517578,180.39999389648438,182.6999969482422,123396700,182.6795196533203
NVDA,2025-08-11,182.0500030517578,183.83999633789062,180.25,182.05999755859375,138323200,182.0395965576172
NVDA,2025-08-12,182.9600067138672,184.47999572753906,179.4600067138672,183.16000366210938,145485700,183.1394805908203
NVDA,2025-08-13,182.6199951171875,183.97000122070312,179.35000610351562,181.58999633789062,179871700,181.5696563720703
NVDA,2025-08-14,179.75,183.02000427246094,179.4600067138672,182.02000427246094,129554000,181.99960327148438
NVDA,2025-08-15,181.8800048828125,181.89999389648438,178.0399932861328,180.4499969482422,156602200,180.42977905273438
NVDA,2025-08-18,180.60000610351562,182.94000244140625,180.58999633789062,182.00999450683594,132008000,181.98959350585938
NVDA,2025-08-19,182.42999267578125,182.5,175.49000549316406,175.63999938964844,185229200,175.6203155517578
NVDA,2025-08-20,175.1699981689453,176,168.8000030517578,175.39999389648438,215142700,175.38034057617188
NVDA,2025-08-21,174.85000610351562,176.89999389648438,173.80999755859375,174.97999572753906,140040900,174.96038818359375
NVDA,2025-08-22,172.61000061035156,178.58999633789062,171.1999969482422,177.99000549316406,172789400,177.97006225585938
NVDA,2025-08-25,178.35000610351562,181.91000366210938,176.57000732421875,179.80999755859375,163012800,179.78985595703125
NVDA,2025-08-26,180.05999755859375,182.38999938964844,178.80999755859375,181.77000427246094,168688200,181.7496337890625
NVDA,2025-08-27,181.97999572753906,182.49000549316406,179.10000610351562,181.60000610351562,235518900,181.57965087890625
NVDA,2025-08-28,180.82000732421875,184.47000122070312,176.41000366210938,180.1699981689453,281787800,180.14981079101562
NVDA,2025-08-29,178.11000061035156,178.14999389648438,173.14999389648438,174.17999267578125,243257900,174.1604766845703
NVDA,2025-09-02,170,172.3800048828125,167.22000122070312,170.77999877929688,231164900,170.7608642578125
NVDA,2025-09-03,171.05999755859375,172.41000366210938,168.8800048828125,170.6199951171875,164424900,170.60089111328125
NVDA,2025-09-04,170.57000732421875,171.86000061035156,169.41000366210938,171.66000366210938,141670100,171.64077758789062
NVDA,2025-09-05,168.02999877929688,169.02999877929688,164.07000732421875,167.02000427246094,224441400,167.0012969970703
NVDA,2025-09-08,167.5500030517578,170.9600067138672,167.35000610351562,168.30999755859375,163769100,168.2911376953125
NVDA,2025-09-09,169.08999633789062,170.97999572753906,166.74000549316406,170.75999450683594,157548400,170.74085998535156
NVDA,2025-09-10,176.63999938964844,179.2899932861328,175.47000122070312,177.3300018310547,226852000,177.3101348876953
NVDA,2025-09-11,179.67999267578125,180.27999877929688,176.47999572753906,177.1699981689453,151159300,177.16014099121094
NVDA,2025-09-12,177.77000427246094,178.60000610351562,176.4499969482422,177.82000732421875,124911000,177.8101043701172
NVDA,2025-09-15,175.6699981689453,178.85000610351562,174.50999450683594,177.75,147061600,177.74009704589844
NVDA,2025-09-16,177,177.5,174.3800048828125,174.8800048828125,140737800,174.87026977539062
NVDA,2025-09-17,172.63999938964844,173.1999969482422,168.41000366210938,170.2899932861328,211843800,170.280517578125
NVDA,2025-09-18,173.97999572753906,177.10000610351562,172.9600067138672,176.24000549316406,191763300,176.23019409179688
NVDA,2025-09-19,175.77000427246094,178.0800018310547,175.17999267578125,176.6699981689453,237182100,176.66015625
NVDA,2025-09-22,175.3000030517578,184.5500030517578,174.7100067138672,183.61000061035156,269637000,183.5997772216797
NVDA,2025-09-23,181.97000122070312,182.4199981689453,176.2100067138672,178.42999267578125,192559600,178.42005920410156
NVDA,2025-09-24,179.77000427246094,179.77999877929688,175.39999389648438,176.97000122070312,143564100,176.96014404296875
NVDA,2025-09-25,174.47999572753906,180.25999450683594,173.1300048828125,177.69000244140625,191586700,177.68011474609375
NVDA,2025-09-26,178.1699981689453,179.77000427246094,174.92999267578125,178.19000244140625,148573700,178.18008422851562
NVDA,2025-09-29,180.42999267578125,184,180.32000732421875,181.85000610351562,193063500,181.8398895263672
NVDA,2025-09-30,182.0800018310547,187.35000610351562,181.47999572753906,186.5800018310547,236981000,186.56961059570312
NVDA,2025-10-01,185.24000549316406,188.13999938964844,183.89999389648438,187.24000549316406,173844900,187.22958374023438
NVDA,2025-10-02,189.60000610351562,191.0500030517578,188.05999755859375,188.88999938964844,136805800,188.87948608398438
NVDA,2025-10-03,189.19000244140625,190.36000061035156,185.3800048828125,187.6199951171875,137596900,187.6095428466797
NVDA,2025-10-06,185.5,187.22999572753906,183.3300018310547,185.5399932861328,157678100,185.5296630859375
NVDA,2025-10-07,186.22999572753906,189.05999755859375,184,185.0399932861328,140088000,185.02969360351562
NVDA,2025-10-08,186.57000732421875,189.60000610351562,186.5399932861328,189.11000061035156,130168900,189.09947204589844
NVDA,2025-10-09,192.22999572753906,195.3000030517578,191.05999755859375,192.57000732421875,182997200,192.5592803955078
NVDA,2025-10-10,193.50999450683594,195.6199951171875,182.0500030517578,183.16000366210938,268774400,183.14981079101562
NVDA,2025-10-13,187.97000122070312,190.11000061035156,185.9600067138672,188.32000732421875,153482800,188.3095245361328
NVDA,2025-10-14,184.77000427246094,184.8000030517578,179.6999969482422,180.02999877929688,205641400,180.0199737548828
NVDA,2025-10-15,184.8000030517578,184.8699951171875,177.2899932861328,179.8300018310547,214450500,179.8199920654297
NVDA,2025-10-16,182.22999572753906,183.27999877929688,179.77000427246094,181.80999755859375,179723300,181.7998809814453
NVDA,2025-10-17,180.17999267578125,184.10000610351562,179.75,183.22000122070312,173135200,183.20980834960938
NVDA,2025-10-20,183.1300048828125,185.1999969482422,181.72999572753906,182.63999938964844,128544700,182.6298370361328
NVDA,2025-10-21,182.7899932861328,182.7899932861328,179.8000030517578,181.16000366210938,124240200,181.14991760253906
NVDA,2025-10-22,181.13999938964844,183.44000244140625,176.75999450683594,180.27999877929688,162249600,180.26995849609375
NVDA,2025-10-23,180.4199981689453,183.02999877929688,179.7899932861328,182.16000366210938,111363700,182.1498565673828
NVDA,2025-10-24,183.83999633789062,187.47000122070312,183.5,186.25999450683594,131296700,186.24961853027344
NVDA,2025-10-27,189.99000549316406,192,188.42999267578125,191.49000549316406,153452700,191.47933959960938
NVDA,2025-10-28,193.0500030517578,203.14999389648438,191.91000366210938,201.02999877929688,297986200,201.01881408691406
NVDA,2025-10-29,207.97999572753906,212.19000244140625,204.77999877929688,207.0399932861328,308829600,207.02847290039062
NVDA,2025-10-30,205.14999389648438,206.16000366210938,201.41000366210938,202.88999938964844,178864400,202.8787078857422
NVDA,2025-10-31,206.4499969482422,207.97000122070312,202.07000732421875,202.49000549316406,179802200,202.47872924804688
NVDA,2025-11-03,208.0800018310547,211.33999633789062,205.55999755859375,206.8800048828125,180267300,206.8684844970703
NVDA,2025-11-04,203,203.97000122070312,197.92999267578125,198.69000244140625,188919300,198.67893981933594
NVDA,2025-11-05,198.77000427246094,202.9199981689453,194.64999389648438,195.2100067138672,171350300,195.1991424560547
NVDA,2025-11-06,196.4199981689453,197.6199951171875,186.3800048828125,188.0800018310547,223029800,188.0695343017578
NVDA,2025-11-07,184.89999389648438,188.32000732421875,178.91000366210938,188.14999389648438,264942300,188.1395263671875
NVDA,2025-11-10,195.11000061035156,199.94000244140625,193.7899932861328,199.0500030517578,198897100,199.03892517089844
NVDA,2025-11-11,195.16000366210938,195.4199981689453,191.3000030517578,193.16000366210938,176483300,193.1492462158203
NVDA,2025-11-12,195.72000122070312,195.88999938964844,191.1300048828125,193.8000030517578,154935300,193.78921508789062
NVDA,2025-11-13,191.0500030517578,191.44000244140625,183.85000610351562,186.86000061035156,207423100,186.84959411621094
NVDA,2025-11-14,182.86000061035156,191.00999450683594,180.5800018310547,190.1699981689453,186591900,190.15940856933594
NVDA,2025-11-17,185.97000122070312,189,184.32000732421875,186.60000610351562,173628900,186.58961486816406
NVDA,2025-11-18,183.3800048828125,184.8000030517578,179.64999389648438,181.36000061035156,213598900,181.3498992919922
NVDA,2025-11-19,184.7899932861328,187.86000061035156,182.8300018310547,186.52000427246094,247246400,186.50961303710938
NVDA,2025-11-20,195.9499969482422,196,179.85000610351562,180.63999938964844,343504800,180.62994384765625
NVDA,2025-11-21,181.24000549316406,184.55999755859375,172.92999267578125,178.8800048828125,346926200,178.8700408935547
NVDA,2025-11-24,179.49000549316406,183.5,176.47999572753906,182.5500030517578,256618300,182.5398406982422
NVDA,2025-11-25,174.91000366210938,178.16000366210938,169.5500030517578,177.82000732421875,320600300,177.8101043701172
NVDA,2025-11-26,181.6300048828125,182.91000366210938,178.24000549316406,180.25999450683594,183852000,180.2499542236328
NVDA,2025-11-28,179.00999450683594,179.2899932861328,176.5,177,121332800,176.99014282226562
NVDA,2025-12-01,174.75999450683594,180.3000030517578,173.67999267578125,179.9199981689453,188131000,179.9099884033203
NVDA,2025-12-02,181.75999450683594,185.66000366210938,180,181.4600067138672,182632200,181.4499053955078
NVDA,2025-12-03,181.0800018310547,182.4499969482422,179.11000061035156,179.58999633789062,165138000,179.5800018310547
NVDA,2025-12-04,181.6199951171875,184.52000427246094,179.9600067138672,183.3800048828125,167364900,183.3800048828125
NVDA,2025-12-05,183.88999938964844,184.66000366210938,180.91000366210938,182.41000366210938,143971100,182.41000366210938
NVDA,2025-12-08,182.63999938964844,188,182.39999389648438,185.5500030517578,204378100,185.5500030517578
NVDA,2025-12-09,185.55999755859375,185.72000122070312,183.32000732421875,184.97000122070312,144719700,184.97000122070312
NVDA,2025-12-10,184.97000122070312,185.47999572753906,182.0399932861328,183.77999877929688,162785400,183.77999877929688
NVDA,2025-12-11,180.27999877929688,181.32000732421875,176.6199951171875,180.92999267578125,182136600,180.92999267578125
NVDA,2025-12-12,181.11000061035156,182.82000732421875,174.6199951171875,175.02000427246094,204274900,175.02000427246094
NVDA,2025-12-15,177.94000244140625,178.4199981689453,175.02999877929688,176.2899932861328,164775600,176.2899932861328
NVDA,2025-12-16,176.25999450683594,178.49000549316406,174.89999389648438,177.72000122070312,148588100,177.72000122070312
NVDA,2025-12-17,176.10000610351562,176.1300048828125,170.30999755859375,170.94000244140625,222775500,170.94000244140625
NVDA,2025-12-18,174.52999877929688,176.14999389648438,171.82000732421875,174.13999938964844,176096000,174.13999938964844
NVDA,2025-12-19,176.6699981689453,181.4499969482422,176.33999633789062,180.99000549316406,324925900,180.99000549316406
NVDA,2025-12-22,183.9199981689453,184.16000366210938,182.35000610351562,183.69000244140625,129064400,183.69000244140625
NVDA,2025-12-23,182.97000122070312,189.3300018310547,182.89999389648438,189.2100067138672,174873600,189.2100067138672
NVDA,2025-12-24,187.94000244140625,188.91000366210938,186.58999633789062,188.61000061035156,65528500,188.61000061035156
NVDA,2025-12-26,189.9199981689453,192.69000244140625,188,190.52999877929688,139740300,190.52999877929688
NVDA,2025-12-29,187.7100067138672,188.75999450683594,185.91000366210938,188.22000122070312,120006100,188.22000122070312
NVDA,2025-12-30,188.24000549316406,188.99000549316406,186.92999267578125,187.5399932861328,97687300,187.5399932861328
NVDA,2025-12-31,189.57000732421875,190.55999755859375,186.49000549316406,186.5,120100500,186.5
NVDA,2026-01-02,189.83999633789062,192.92999267578125,188.25999450683594,188.85000610351562,148240500,188.85000610351562
NVDA,2026-01-05,191.75999450683594,193.6300048828125,186.14999389648438,188.1199951171875,183529700,188.1199951171875
NVDA,2026-01-06,190.52000427246094,192.1699981689453,186.82000732421875,187.24000549316406,176862600,187.24000549316406
NVDA,2026-01-07,188.57000732421875,191.3699951171875,186.55999755859375,189.11000061035156,153543200,189.11000061035156
NVDA,2026-01-08,189.11000061035156,189.5500030517578,183.7100067138672,185.0399932861328,172457000,185.0399932861328
NVDA,2026-01-09,185.0800018310547,186.33999633789062,183.6699981689453,184.86000061035156,131327500,184.86000061035156
NVDA,2026-01-12,183.22000122070312,187.1199951171875,183.02000427246094,184.94000244140625,137968500,184.94000244140625
NVDA,2026-01-13,185,188.11000061035156,183.39999389648438,185.80999755859375,160128900,185.80999755859375
NVDA,2026-01-14,184.32000732421875,184.4600067138672,180.8000030517578,183.13999938964844,159586100,183.13999938964844
AVGO,2022-01-03,66.63200378417969,67.16999816894531,66.12200164794922,66.332000732421875,22591000,61.44471740722656
AVGO,2022-01-04,66.28800201416016,67.21900177001953,65.7229995727539,67.09200286865234,21103000,62.14871597290039
AVGO,2022-01-05,67.121002197265625,67.121002197265625,64.20099639892578,64.30000305175781,34961000,59.56243133544922
AVGO,2022-01-06,64.01599884033203,64.86499786376953,63.44300079345703,63.702999114990234,28581000,59.00941467285156
AVGO,2022-01-07,63.584999084472656,63.99100112915039,61.84600067138672,61.915000915527344,27832000,57.3531608581543
AVGO,2022-01-10,60.88600158691406,62.20399856567383,60.356998443603516,62.11600112915039,29793000,57.53935241699219
AVGO,2022-01-11,61.55400085449219,62.79999923706055,61.457000732421875,62.20500183105469,19037000,57.62179183959961
AVGO,2022-01-12,62.750999450683594,63.0989990234375,61.9739990234375,62.20000076293945,18806000,57.61716079711914
AVGO,2022-01-13,62.74700164794922,62.78799819946289,59.415000915527344,59.71900177001953,30048000,55.31895446777344
AVGO,2022-01-14,59.577999114990234,60.03799819946289,59.20000076293945,59.637001037597656,25661000,55.24300003051758
AVGO,2022-01-18,58.832000732421875,59.104000091552734,57.5989990234375,57.77899932861328,35825000,53.52189254760742
AVGO,2022-01-19,58.15800094604492,58.472999572753906,56.33300018310547,56.39699935913086,22692000,52.24171829223633
AVGO,2022-01-20,56.79999923706055,57.013999938964844,54.676998138427734,54.77199935913086,25225000,50.73644256591797
AVGO,2022-01-21,54.66400146484375,55.540000915527344,53.13399887084961,53.323001861572266,38010000,49.39421463012695
AVGO,2022-01-24,53.0890007019043,54.35100173950195,51.34000015258789,54.15800094604492,54256000,50.16768264770508
AVGO,2022-01-25,52.79999923706055,54.540000915527344,52.422000885009766,53.41400146484375,38158000,49.47850799560547
AVGO,2022-01-26,55.20000076293945,57.41699981689453,55.00699996948242,55.71200180053711,49715000,51.60718536376953
AVGO,2022-01-27,56.97200012207031,57.0260009765625,54.10300064086914,54.23099899291992,34183000,50.23530197143555
AVGO,2022-01-28,54.33599853515625,56.04999923706055,53.23899841308594,56.0099983215332,30254000,51.88322448730469
AVGO,2022-01-31,55.939998626708984,58.637001037597656,55.599998474121094,58.5880012512207,40288000,54.27128601074219
AVGO,2022-02-01,58.58700180053711,59.38999938964844,57.582000732421875,59.27199935913086,25719000,54.90489959716797
AVGO,2022-02-02,59.900001525878906,60.47999954223633,59.362998962402344,60.34299850463867,24443000,55.89698028564453
AVGO,2022-02-03,59.56700134277344,59.902000427246094,58.012001037597656,58.084999084472656,30602000,53.80534744262695
AVGO,2022-02-04,57.63800048828125,59.65299987792969,57.61399841308594,59.01599884033203,20548000,54.667755126953125
AVGO,2022-02-07,59.01599884033203,60.15800094604492,58.41600036621094,58.76300048828125,18671000,54.43339157104492
AVGO,2022-02-08,58.8380012512207,60.185001373291016,58.69900131225586,60.02199935913086,14570000,55.599632263183594
AVGO,2022-02-09,60.73500061035156,61.172000885009766,60.15599822998047,61.13399887084961,22004000,56.62970733642578
AVGO,2022-02-10,59.529998779296875,61.4640007019043,58.856998443603516,59.13600158691406,24920000,54.77891540527344
AVGO,2022-02-11,59.13600158691406,59.97600173950195,56.90800094604492,57.34199905395508,27281000,53.117088317871094
AVGO,2022-02-14,57.5,58.28099822998047,57.00699996948242,57.858001708984375,19291000,53.59506607055664
AVGO,2022-02-15,58.90299987792969,60.604000091552734,58.82500076293945,60.277000427246094,34284000,55.835845947265625
AVGO,2022-02-16,59.40599822998047,60.08100128173828,58.72200012207031,59.72100067138672,22931000,55.32080841064453
AVGO,2022-02-17,58.970001220703125,59.15800094604492,57.888999938964844,57.900001525878906,21424000,53.63398742675781
AVGO,2022-02-18,58.09400177001953,58.77399826049805,57.327999114990234,57.999000549316406,19708000,53.72568130493164
AVGO,2022-02-22,57.999000549316406,59.020999908447266,56.98099899291992,57.74599838256836,20204000,53.49131774902344
AVGO,2022-02-23,58.02299880981445,58.50699996948242,56.4739990234375,56.51900100708008,22416000,52.3547248840332
AVGO,2022-02-24,55.15800094604492,58.569000244140625,54.902000427246094,58,35316000,53.72660446166992
AVGO,2022-02-25,57.983001708984375,58.9379997253418,57.400001525878906,58.80099868774414,22380000,54.468589782714844
AVGO,2022-02-28,58.099998474121094,59.22999954223633,57.63800048828125,58.74399948120117,25005000,54.41579818725586
AVGO,2022-03-01,58.479000091552734,58.762001037597656,56.529998779296875,57.012001037597656,24898000,52.8114128112793
AVGO,2022-03-02,57.45199966430664,59.053001403808594,57.358001708984375,58.577999114990234,21771000,54.262027740478516
AVGO,2022-03-03,59.36800003051758,59.369998931884766,57.43299865722656,57.86000061035156,26454000,53.596923828125
AVGO,2022-03-04,59.27899932861328,60.590999603271484,58.4010009765625,59.5989990234375,44757000,55.207801818847656
AVGO,2022-03-07,59.70800018310547,59.87799835205078,57,57.06999969482422,26494000,52.86512756347656
AVGO,2022-03-08,57.21699905395508,59.60499954223633,56.361000061035156,57.595001220703125,26993000,53.351444244384766
AVGO,2022-03-09,58.87900161743164,60.16400146484375,58.70000076293945,59.70199966430664,22560000,55.30320739746094
AVGO,2022-03-10,58.555999755859375,59.00199890136719,57.637001037597656,58.77299880981445,19323000,54.44265365600586
AVGO,2022-03-11,59.20000076293945,59.44300079345703,57.71200180053711,57.78499984741211,19813000,53.5274543762207
AVGO,2022-03-14,57.69599914550781,57.99800109863281,56.474998474121094,56.779998779296875,25234000,52.596500396728516
AVGO,2022-03-15,57.72700119018555,59.67599868774414,57.50400161743164,59.2760009765625,28260000,54.90858840942383
AVGO,2022-03-16,59.665000915527344,60.770999908447266,58.40599822998047,60.71200180053711,29454000,56.238792419433594
AVGO,2022-03-17,60.47200012207031,60.70000076293945,59.76300048828125,60.266998291015625,18174000,55.826576232910156
AVGO,2022-03-18,60.39699935913086,61.32099914550781,59.5989990234375,61.04100036621094,41538000,56.54355239868164
AVGO,2022-03-21,60.560001373291016,60.560001373291016,58.88600158691406,60.12900161743164,25789000,56.07539749145508
AVGO,2022-03-22,60.172000885009766,61.349998474121094,59.93299865722656,61.13399887084961,19262000,57.01264953613281
AVGO,2022-03-23,60.79999923706055,61.137001037597656,59.91600036621094,59.9379997253418,13839000,55.89726638793945
AVGO,2022-03-24,60.66299819946289,62.72200012207031,60.20000076293945,62.643001556396484,26016000,58.41991424560547
AVGO,2022-03-25,62.70800018310547,63.04100036621094,62.00699996948242,62.887001037597656,14538000,58.64746856689453
AVGO,2022-03-28,62.5880012512207,63.33000183105469,61.577999114990234,63.28799819946289,14427000,59.02143478393555
AVGO,2022-03-29,64,64.53099822998047,63,64.147003173828125,23001000,59.8225212097168
AVGO,2022-03-30,63.887001037597656,64.42900085449219,62.733001708984375,63.10900115966797,18626000,58.854496002197266
AVGO,2022-03-31,63.04800033569336,63.900001525878906,62.80500030517578,62.96799850463867,21731000,58.72300338745117
AVGO,2022-04-01,63.16899871826172,63.457000732421875,61.86899948120117,62.698001861572266,16267000,58.4712028503418
AVGO,2022-04-04,62.641998291015625,63.672000885009766,62.45199966430664,63.48500061035156,16484000,59.205142974853516
AVGO,2022-04-05,62.95500183105469,63.22600173950195,61.29999923706055,61.4119987487793,19778000,57.271907806396484
AVGO,2022-04-06,60.20800018310547,61.159000396728516,59.37699890136719,60.20000076293945,23742000,56.1416130065918
AVGO,2022-04-07,59.983001708984375,60.763999938964844,59.32400131225586,60.30500030517578,16583000,56.239524841308594
AVGO,2022-04-08,59.737998962402344,59.85900115966797,58.59700012207031,58.70000076293945,20464000,54.742733001708984
AVGO,2022-04-11,58.257999420166016,58.928001403808594,57.94300079345703,58.06100082397461,23512000,54.14681625366211
AVGO,2022-04-12,58.9109992980957,59.85900115966797,58.21699905395508,58.50699996948242,17350000,54.56273651123047
AVGO,2022-04-13,58.849998474121094,59.67100143432617,58.60499954223633,59.25400161743164,20266000,55.2593879699707
AVGO,2022-04-14,59.499000549316406,59.70600128173828,57.2859992980957,57.3849983215332,27385000,53.51638412475586
AVGO,2022-04-18,57.28499984741211,59.12200164794922,57.28499984741211,58.650001525878906,21375000,54.69610595703125
AVGO,2022-04-19,57.93600082397461,59.869998931884766,57.93600082397461,59.762001037597656,16581000,55.7331428527832
AVGO,2022-04-20,60.41999816894531,61.34299850463867,59.51300048828125,59.77199935913086,13920000,55.742462158203125
AVGO,2022-04-21,60.55400085449219,61.58700180053711,59.066001892089844,59.27299880981445,20352000,55.277095794677734
AVGO,2022-04-22,59.01100158691406,59.874000549316406,58.625999450683594,58.69499969482422,21064000,54.73806381225586
AVGO,2022-04-25,58.14899826049805,58.875999450683594,57.11199951171875,58.78799819946289,26959000,54.82479476928711
AVGO,2022-04-26,58.380001068115234,58.54600143432617,55.97100067138672,56.00699996948242,35809000,52.23127746582031
AVGO,2022-04-27,55.57899856567383,57.007999420166016,55.5,55.95399856567383,19313000,52.18185043334961
AVGO,2022-04-28,56.59400177001953,58.50199890136719,55.797000885009766,57.89400100708008,22334000,53.99107360839844
AVGO,2022-04-29,57.262001037597656,57.827999114990234,55.34000015258789,55.43899917602539,26108000,51.70156478881836
AVGO,2022-05-02,55.7140007019043,57.763999938964844,55.63800048828125,57.6349983215332,26725000,53.74953079223633
AVGO,2022-05-03,57.60100173950195,58.67499923706055,57.176998138427734,58.117000579833984,17064000,54.199039459228516
AVGO,2022-05-04,58.17900085449219,60.40700149536133,57.39799880981445,60.36600112915039,23896000,56.29642868041992
AVGO,2022-05-05,59.42300033569336,59.7869987487793,57.42900085449219,57.999000549316406,32806000,54.088985443115234
AVGO,2022-05-06,57.49399948120117,58.99800109863281,56.94300079345703,58.0099983215332,20745000,54.0992431640625
AVGO,2022-05-09,57.28799819946289,57.79999923706055,56.027000427246094,56.29199981689453,30074000,52.49706268310547
AVGO,2022-05-10,58.04899978637695,59.1150016784668,57.18000030517578,58.138999938964844,29271000,54.21954345703125
AVGO,2022-05-11,57.45800018310547,58.46900177001953,56.58599853515625,56.71099853515625,26660000,52.887813568115234
AVGO,2022-05-12,56.34000015258789,57.361000061035156,55.82600021362305,57.15700149536133,25518000,53.303749084472656
AVGO,2022-05-13,57.70500183105469,59.159000396728516,57.349998474121094,58.82400131225586,19449000,54.858367919921875
AVGO,2022-05-16,58.4379997253418,58.91400146484375,57.76499938964844,58.266998291015625,14189000,54.33892059326172
AVGO,2022-05-17,59.54499816894531,60.900001525878906,59.361000061035156,60.814998626708984,24676000,56.71514129638672
AVGO,2022-05-18,60,60.071998596191406,56.61800003051758,57.05699920654297,35024000,53.21049118041992
AVGO,2022-05-19,55.79999923706055,56.07500076293945,53.895999908447266,54.62099838256836,34884000,50.938716888427734
AVGO,2022-05-20,55.38999938964844,55.499000549316406,51.24399948120117,54.319000244140625,40281000,50.657073974609375
AVGO,2022-05-23,52.400001525878906,53.55699920654297,51.42599868774414,52.63600158691406,58586000,49.08753967285156
AVGO,2022-05-24,52.66600036621094,52.887001037597656,51.61899948120117,52.41999816894531,25060000,48.8860969543457
AVGO,2022-05-25,52.38999938964844,53.744998931884766,52.38999938964844,53.16299819946289,17842000,49.57900619506836
AVGO,2022-05-26,53.15399932861328,55.457000732421875,52.77199935913086,55.066001892089844,39743000,51.353721618652344
AVGO,2022-05-27,56.20899963378906,58.54600143432617,56.000999450683594,58.327999114990234,37301000,54.39580535888672
AVGO,2022-05-31,58.45000076293945,58.702999114990234,57.599998474121094,58.01300048828125,30009000,54.10204315185547
AVGO,2022-06-01,58.757999420166016,59.09400177001953,56.84299850463867,57.36199951171875,18345000,53.49492645263672
AVGO,2022-06-02,57.775001525878906,57.777000427246094,56.8129997253418,57.67399978637695,29488000,53.78589630126953
AVGO,2022-06-03,56.887001037597656,56.959999084472656,56.097999572753906,56.332000732421875,20562000,52.53436279296875
AVGO,2022-06-06,57.152000427246094,57.27199935913086,55.75400161743164,56.12300109863281,14557000,52.33945846557617
AVGO,2022-06-07,56.05400085449219,57.45399856567383,55.75299835205078,57.29899978637695,15895000,53.436180114746094
AVGO,2022-06-08,57.18199920654297,57.62699890136719,56.2140007019043,56.5359992980957,24004000,52.7246208190918
AVGO,2022-06-09,56.11600112915039,57.36399841308594,55.59299850463867,55.62200164794922,18787000,51.87223434448242
AVGO,2022-06-10,55.00899887084961,55.104000091552734,53.97200012207031,54.12699890136719,24018000,50.47801208496094
AVGO,2022-06-13,52.678001403808594,53.29999923706055,51.60200119018555,51.762001037597656,31619000,48.272457122802734
AVGO,2022-06-14,52.49700164794922,52.49700164794922,51.45899963378906,52.016998291015625,24380000,48.51026916503906
AVGO,2022-06-15,52.915000915527344,53.382999420166016,51.551998138427734,52.67100143432617,19141000,49.12017822265625
AVGO,2022-06-16,51.19499969482422,51.44300079345703,49.22800064086914,49.71799850463867,37244000,46.36624526977539
AVGO,2022-06-17,49.5,50.0359992980957,48.7869987487793,49.8650016784668,43504000,46.50334548950195
AVGO,2022-06-21,50.40800094604492,51.090999603271484,50.28900146484375,50.37699890136719,21901000,47.37031555175781
AVGO,2022-06-22,49.63100051879883,50.37699890136719,49.41999816894531,49.61000061035156,24721000,46.64909362792969
AVGO,2022-06-23,50.17499923706055,50.17499923706055,49.10100173950195,49.65800094604492,16707000,46.69422912597656
AVGO,2022-06-24,50.5,51.18000030517578,50.14500045776367,50.909000396728516,21201000,47.87056350708008
AVGO,2022-06-27,51.380001068115234,51.40399932861328,50.28200149536133,50.57099914550781,13207000,47.552738189697266
AVGO,2022-06-28,51.26100158691406,51.415000915527344,49.81100082397461,49.845001220703125,15667000,46.87006759643555
AVGO,2022-06-29,49.54800033569336,49.59299850463867,48.66699981689453,49.04100036621094,14444000,46.11404800415039
AVGO,2022-06-30,48.803001403808594,49.374000549316406,48.07099914550781,48.58100128173828,18890000,45.68151092529297
AVGO,2022-07-01,47.941001892089844,48.426998138427734,46.94300079345703,47.784000396728516,21315000,44.932071685791016
AVGO,2022-07-05,47.20000076293945,47.69300079345703,46.39099884033203,47.630001068115234,20711000,44.78727340698242
AVGO,2022-07-06,48.053001403808594,48.70500183105469,47.54999923706055,48.26100158691406,22975000,45.380611419677734
AVGO,2022-07-07,48.81100082397461,50.138999938964844,48.81100082397461,49.854000091552734,21319000,46.8785285949707
AVGO,2022-07-08,49.29899978637695,49.9630012512207,49,49.86899948120117,12713000,46.892635345458984
AVGO,2022-07-11,48.94900131225586,49.1619987487793,48.097999572753906,48.2859992980957,21449000,45.40411376953125
AVGO,2022-07-12,48.78200149536133,49.2599983215332,48.00699996948242,48.137001037597656,21159000,45.26401138305664
AVGO,2022-07-13,47.49800109863281,48.56399917602539,47.229000091552734,48.17300033569336,17665000,45.2978630065918
AVGO,2022-07-14,48.244998931884766,48.667999267578125,47.34299850463867,48.4640007019043,19957000,45.57149124145508
AVGO,2022-07-15,49.08300018310547,49.4739990234375,48.612998962402344,49.44599914550781,18714000,46.49488067626953
AVGO,2022-07-18,50.01599884033203,50.24100112915039,48.819000244140625,49.10599899291992,18042000,46.175174713134766
AVGO,2022-07-19,49.68000030517578,51.1349983215332,49.5890007019043,50.900001525878906,27257000,47.86209487915039
AVGO,2022-07-20,50.95399856567383,51.76100158691406,50.446998596191406,51.176998138427734,27412000,48.1225700378418
AVGO,2022-07-21,51.255001068115234,51.78099822998047,50.60200119018555,51.768001556396484,13912000,48.67829895019531
AVGO,2022-07-22,51.88100051879883,51.979000091552734,50.667999267578125,51.25199890136719,17867000,48.193092346191406
AVGO,2022-07-25,51.04600143432617,51.332000732421875,50.65299987792969,51.31100082397461,15061000,48.24856948852539
AVGO,2022-07-26,51.4630012512207,51.680999755859375,50.891998291015625,51.10900115966797,17958000,48.05862808227539
AVGO,2022-07-27,51.81999969482422,53.01900100708008,51.69300079345703,52.77899932861328,25699000,49.62895202636719
AVGO,2022-07-28,52.85900115966797,53.652000427246094,52.05799865722656,53.361000061035156,14867000,50.176212310791016
AVGO,2022-07-29,53.198001861572266,53.78300094604492,53.027000427246094,53.54800033569336,18482000,50.35205841064453
AVGO,2022-08-01,53.143001556396484,53.979000091552734,53.04399871826172,53.637001037597656,11485000,50.43574905395508
AVGO,2022-08-02,53.321998596191406,53.91999816894531,52.722999572753906,53.12099838256836,13072000,49.95054626464844
AVGO,2022-08-03,53.52899932861328,54.79999923706055,53.4119987487793,54.67399978637695,19228000,51.41085433959961
AVGO,2022-08-04,54.840999603271484,55.314998626708984,54.500999450683594,55.279998779296875,16293000,51.980682373046875
AVGO,2022-08-05,54.4900016784668,55.20000076293945,54.327999114990234,55.14400100708008,14357000,51.85279846191406
AVGO,2022-08-08,54.935001373291016,55.29899978637695,53.874000549316406,54.553001403808594,13722000,51.29707336425781
AVGO,2022-08-09,53.909000396728516,53.935001373291016,52.775001525878906,53.279998779296875,20072000,50.10005569458008
AVGO,2022-08-10,54.60599899291992,55.10200119018555,53.92399978637695,55.04100036621094,19519000,51.755950927734375
AVGO,2022-08-11,55.39500045776367,55.777000427246094,54.42499923706055,54.542999267578125,14268000,51.28767395019531
AVGO,2022-08-12,54.78099822998047,55.840999603271484,54.564998626708984,55.823001861572266,18399000,52.491275787353516
AVGO,2022-08-15,55.42300033569336,55.979000091552734,55.04999923706055,55.895999908447266,14329000,52.5599250793457
AVGO,2022-08-16,55.75199890136719,55.79399871826172,54.60100173950195,55.165000915527344,14782000,51.8725471496582
AVGO,2022-08-17,54.4370002746582,54.47100067138672,53.104000091552734,53.85900115966797,19022000,50.644500732421875
AVGO,2022-08-18,54.340999603271484,56.055999755859375,54.16299819946289,55.845001220703125,23459000,52.511966705322266
AVGO,2022-08-19,55.08599853515625,55.55799865722656,54.7869987487793,54.84299850463867,16923000,51.569766998291016
AVGO,2022-08-22,54.25699996948242,54.308998107910156,52.70500183105469,52.875,18555000,49.7192268371582
AVGO,2022-08-23,53.3849983215332,53.762001037597656,52.89099884033203,52.97800064086914,9003000,49.81607437133789
AVGO,2022-08-24,52.95600128173828,53.130001068115234,52.34400177001953,53.08399963378906,11883000,49.91575622558594
AVGO,2022-08-25,53.345001220703125,55.04800033569336,53.22600173950195,55.01300048828125,17345000,51.7296257019043
AVGO,2022-08-26,54.88399887084961,55.0989990234375,52,52.08599853515625,25682000,48.97731399536133
AVGO,2022-08-29,52,52.27399826049805,51.20000076293945,51.417999267578125,16580000,48.34918212890625
AVGO,2022-08-30,51.683998107910156,51.79100036621094,50.138999938964844,50.638999938964844,18282000,47.616676330566406
AVGO,2022-08-31,51.01599884033203,51.01599884033203,49.65399932861328,49.9109992980957,32445000,46.93212127685547
AVGO,2022-09-01,49.14699935913086,49.32899856567383,48.08399963378906,49.20100021362305,31930000,46.264495849609375
AVGO,2022-09-02,51.79999923706055,51.98099899291992,49.83000183105469,50.02199935913086,40426000,47.036502838134766
AVGO,2022-09-06,49.85300064086914,50.400001525878906,49.0369987487793,49.81999969482422,24738000,46.846561431884766
AVGO,2022-09-07,50.29100036621094,50.94300079345703,49.90800094604492,50.51300048828125,20440000,47.498191833496094
AVGO,2022-09-08,50.2599983215332,51.27399826049805,49.869998931884766,51.19300079345703,22535000,48.13760757446289
AVGO,2022-09-09,51.54399871826172,52.59700012207031,51.54399871826172,52.2400016784668,23019000,49.12211990356445
AVGO,2022-09-12,52.67499923706055,53.125999450683594,52.45600128173828,52.90599822998047,18157000,49.748374938964844
AVGO,2022-09-13,51.38399887084961,51.82699966430664,50.167999267578125,50.3650016784668,35136000,47.35903549194336
AVGO,2022-09-14,50.7130012512207,51.29999923706055,50.277000427246094,51.07500076293945,20605000,48.02665710449219
AVGO,2022-09-15,50.893001556396484,51.15599822998047,49.72800064086914,50.013999938964844,36574000,47.02897644042969
AVGO,2022-09-16,49.77199935913086,50.36899948120117,48.986000061035156,50.25,59012000,47.250892639160156
AVGO,2022-09-19,49.44200134277344,50.3390007019043,49.44200134277344,50.183998107910156,17948000,47.188838958740234
AVGO,2022-09-20,49.599998474121094,49.882999420166016,48.97200012207031,49.305999755859375,17132000,46.36323547363281
AVGO,2022-09-21,49.0989990234375,49.987998962402344,48.176998138427734,48.2140007019043,20669000,45.71656799316406
AVGO,2022-09-22,48.24300003051758,48.32099914550781,47.29999923706055,47.76100158691406,23540000,45.28702926635742
AVGO,2022-09-23,47.494998931884766,47.79899978637695,46.20000076293945,46.86800003051758,29649000,44.44028854370117
AVGO,2022-09-26,46.89799880981445,47.33000183105469,46.13100051879883,46.22600173950195,19361000,43.83155059814453
AVGO,2022-09-27,46.95500183105469,46.98899841308594,45.6510009765625,46.474998474121094,17850000,44.067649841308594
AVGO,2022-09-28,46.13399887084961,46.875,45.6349983215332,46.59600067138672,27605000,44.1823844909668
AVGO,2022-09-29,46.09000015258789,46.137001037597656,44.487998962402344,45.01300048828125,39997000,42.681373596191406
AVGO,2022-09-30,44.90599822998047,45.78200149536133,44.36399841308594,44.4010009765625,27202000,42.101078033447266
AVGO,2022-10-03,44.92399978637695,46.095001220703125,44.696998596191406,45.678001403808594,21479000,43.31193161010742
AVGO,2022-10-04,46.849998474121094,48.01599884033203,46.58599853515625,47.986000061035156,27277000,45.5003776550293
AVGO,2022-10-05,47.255001068115234,48.808998107910156,47.145999908447266,48.47999954223633,18493000,45.968788146972656
AVGO,2022-10-06,48.37900161743164,48.970001220703125,47.87200164794922,47.95000076293945,17250000,45.46623992919922
AVGO,2022-10-07,47.237998962402344,47.33399963378906,45.902000427246094,46.04800033569336,28425000,43.66276168823242
AVGO,2022-10-10,46,46.0099983215332,43.183998107910156,43.77000045776367,33454000,41.502750396728516
AVGO,2022-10-11,43.52000045776367,43.869998931884766,42.55799865722656,43.07600021362305,28046000,40.844703674316406
AVGO,2022-10-12,43.224998474121094,43.571998596191406,42.80099868774414,43.05699920654297,15046000,40.826690673828125
AVGO,2022-10-13,41.742000579833984,44.37699890136719,41.50699996948242,43.797000885009766,27980000,41.52836608886719
AVGO,2022-10-14,44.327999114990234,44.395999908447266,42.64099884033203,42.709999084472656,22816000,40.49766159057617
AVGO,2022-10-17,43.95500183105469,44.124000549316406,43.3390007019043,43.5369987487793,24120000,41.28182601928711
AVGO,2022-10-18,44.82099914550781,44.85499954223633,43.01599884033203,43.483001708984375,20341000,41.230628967285156
AVGO,2022-10-19,43.323001861572266,43.83000183105469,43.0880012512207,43.529998779296875,12702000,41.27518844604492
AVGO,2022-10-20,43.51300048828125,44.21900177001953,42.81399917602539,43.029998779296875,23402000,40.801090240478516
AVGO,2022-10-21,43.20899963378906,45.066001892089844,42.91699981689453,44.972999572753906,26980000,42.6434440612793
AVGO,2022-10-24,45.27299880981445,45.87900161743164,45.111000061035156,45.652000427246094,25287000,43.28727340698242
AVGO,2022-10-25,45.79899978637695,46.42599868774414,45.68299865722656,46.00699996948242,18246000,43.6238899230957
AVGO,2022-10-26,45.79899978637695,47.17599868774414,45.534000396728516,46.11800003051758,29291000,43.7291374206543
AVGO,2022-10-27,46.60499954223633,47.07699966430664,45.49100112915039,45.540000915527344,18512000,43.18107986450195
AVGO,2022-10-28,45.69599914550781,47.433998107910156,45.564998626708984,47.290000915527344,23094000,44.840431213378906
AVGO,2022-10-31,46.685001373291016,47.28099822998047,46.500999450683594,47.012001037597656,19259000,44.57682800292969
AVGO,2022-11-01,47.58000183105469,47.68299865722656,46.31700134277344,46.790000915527344,16324000,44.36632537841797
AVGO,2022-11-02,47.02799987792969,48.04499816894531,45.571998596191406,45.60300064086914,21070000,43.240814208984375
AVGO,2022-11-03,45.09400177001953,45.2859992980957,44.13600158691406,44.4119987487793,23887000,42.11149978637695
AVGO,2022-11-04,45.68600082397461,46.888999938964844,45.327999114990234,46.529998779296875,28891000,44.11979675292969
AVGO,2022-11-07,46.676998138427734,47.77399826049805,46.15700149536133,47.52199935913086,17687000,45.06040954589844
AVGO,2022-11-08,48.125,48.880001068115234,47.349998474121094,48.21099853515625,20743000,45.713714599609375
AVGO,2022-11-09,47.849998474121094,47.900001525878906,46.90299987792969,46.946998596191406,23695000,44.51519775390625
AVGO,2022-11-10,49.099998474121094,50.71699905395508,48.71900177001953,50.65700149536133,33970000,48.03302001953125
AVGO,2022-11-11,50.47999954223633,51.900001525878906,50.20000076293945,51.808998107910156,26728000,49.12534713745117
AVGO,2022-11-14,51.53900146484375,52.50199890136719,51.29999923706055,51.321998596191406,21608000,48.663578033447266
AVGO,2022-11-15,52.99599838256836,53.25699996948242,51.590999603271484,52.44200134277344,23315000,49.725563049316406
AVGO,2022-11-16,51.672000885009766,51.854000091552734,51.02799987792969,51.17300033569336,25405000,48.52228927612305
AVGO,2022-11-17,50.5,51.27399826049805,50.31399917602539,51.21099853515625,20375000,48.55833053588867
AVGO,2022-11-18,51.6870002746582,51.77299880981445,51.099998474121094,51.51599884033203,14536000,48.847530364990234
AVGO,2022-11-21,51.29399871826172,52.084999084472656,51.111000061035156,51.74399948120117,18622000,49.06371307373047
AVGO,2022-11-22,52.297000885009766,53.02799987792969,51.9010009765625,53.005001068115234,18920000,50.2593994140625
AVGO,2022-11-23,53.03499984741211,54.14799880981445,52.880001068115234,53.36399841308594,13964000,50.59980010986328
AVGO,2022-11-25,53.069000244140625,53.45800018310547,52.948001861572266,52.99100112915039,7455000,50.246124267578125
AVGO,2022-11-28,52.52399826049805,52.875999450683594,51.624000549316406,52.22100067138672,23505000,49.516014099121094
AVGO,2022-11-29,52.29999923706055,52.584999084472656,51.483001708984375,52.138999938964844,12694000,49.438255310058594
AVGO,2022-11-30,52.4109992980957,55.16600036621094,51.78300094604492,55.10300064086914,47349000,52.24872970581055
AVGO,2022-12-01,55.10300064086914,55.242000579833984,54.19599914550781,55.07500076293945,23006000,52.222171783447266
AVGO,2022-12-02,53.70500183105469,54.27000045776367,53.608001708984375,54.08000183105469,19320000,51.278717041015625
AVGO,2022-12-05,53.777000427246094,53.948001861572266,52.54899978637695,53.06399917602539,18548000,50.31533432006836
AVGO,2022-12-06,53.064998626708984,53.356998443603516,52.17499923706055,52.582000732421875,19655000,49.85830307006836
AVGO,2022-12-07,51.959999084472656,52.5,51.60499954223633,51.849998474121094,16524000,49.16423034667969
AVGO,2022-12-08,52.08100128173828,53.242000579833984,52.03799819946289,53.108001708984375,27514000,50.35706329345703
AVGO,2022-12-09,55.09400177001953,55.263999938964844,54.099998474121094,54.47200012207031,37028000,51.65040588378906
AVGO,2022-12-12,54.474998474121094,55.6870002746582,54.2239990234375,55.66299819946289,23416000,52.77970886230469
AVGO,2022-12-13,57.582000732421875,58.183998107910156,56.50299835205078,57.104000091552734,40414000,54.14607620239258
AVGO,2022-12-14,56.85499954223633,58.564998626708984,56.77299880981445,57.444000244140625,35218000,54.46846389770508
AVGO,2022-12-15,56.37799835205078,56.64899826049805,55.77000045776367,55.79999923706055,36876000,52.90961837768555
AVGO,2022-12-16,55.744998931884766,55.97999954223633,55.08700180053711,55.590999603271484,49549000,52.711448669433594
AVGO,2022-12-19,55.402000427246094,55.64799880981445,54.571998596191406,54.9630012512207,25092000,52.550819396972656
AVGO,2022-12-20,54.516998291015625,54.900001525878906,54.09199905395508,54.402000427246094,29831000,52.01443862915039
AVGO,2022-12-21,54.766998291015625,56.191001892089844,54.69499969482422,56.12300109863281,25619000,53.659912109375
AVGO,2022-12-22,55.334999084472656,55.49399948120117,54.720001220703125,55.308998107910156,27553000,52.881629943847656
AVGO,2022-12-23,55,55.36199951171875,54.744998931884766,55.24300003051758,13761000,52.81852340698242
AVGO,2022-12-27,55.154998779296875,55.81100082397461,54.694000244140625,55.354000091552734,16677000,52.92466354370117
AVGO,2022-12-28,55.16400146484375,55.777000427246094,54.244998931884766,54.48899841308594,15410000,52.097625732421875
AVGO,2022-12-29,55.185001373291016,56.2599983215332,55.04999923706055,55.78099822998047,18176000,53.332916259765625
AVGO,2022-12-30,55.18199920654297,55.96500015258789,54.80099868774414,55.91299819946289,14376000,53.45912170410156
AVGO,2023-01-03,56.5,56.75699996948242,55.07899856567383,55.347999572753906,20173000,52.91891860961914
AVGO,2023-01-04,56.29899978637695,56.816001892089844,55.60300064086914,56.02399826049805,17074000,53.565250396728516
AVGO,2023-01-05,55.57099914550781,55.98400115966797,55.11199951171875,55.50199890136719,16277000,53.0661506652832
AVGO,2023-01-06,56.3120002746582,59.099998474121094,56.22999954223633,58.84299850463867,35261000,56.260536193847656
AVGO,2023-01-09,59.22999954223633,60.16699981689453,56.055999755859375,57.68899917602539,37739000,55.15718078613281
AVGO,2023-01-10,57.20000076293945,57.51300048828125,54.999000549316406,57.49300003051758,44635000,54.96977996826172
AVGO,2023-01-11,57.29999923706055,57.83399963378906,56.6870002746582,57.81399917602539,22502000,55.27669143676758
AVGO,2023-01-12,57.558998107910156,58.51100158691406,57.375999450683594,58.194000244140625,19514000,55.640018463134766
AVGO,2023-01-13,57.71500015258789,58.19300079345703,57.66699981689453,57.900001525878906,19647000,55.35892105102539
AVGO,2023-01-17,57.4900016784668,58.5359992980957,57.45399856567383,57.92399978637695,15835000,55.38186264038086
AVGO,2023-01-18,58.32099914550781,58.75600051879883,57.37200164794922,57.42900085449219,15703000,54.908592224121094
AVGO,2023-01-19,56.9119987487793,57.00600051879883,56.03099822998047,56.321998596191406,22692000,53.85017395019531
AVGO,2023-01-20,56.303001403808594,57.13600158691406,55.9109992980957,57.077999114990234,22950000,54.573001861572266
AVGO,2023-01-23,57.20000076293945,58.479000091552734,56.97800064086914,58.16299819946289,23429000,55.61037826538086
AVGO,2023-01-24,57.84400177001953,58.66899871826172,57.5629997253418,58.50299835205078,13825000,55.93545913696289
AVGO,2023-01-25,57.766998291015625,58.696998596191406,57.604000091552734,58.56800079345703,13766000,55.99761199951172
AVGO,2023-01-26,59.04100036621094,60.055999755859375,58.625999450683594,59.858001708984375,24525000,57.23099136352539
AVGO,2023-01-27,59.332000732421875,59.92499923706055,59.01900100708008,59.0989990234375,19344000,56.50529861450195
AVGO,2023-01-30,58.29999923706055,58.96099853515625,57.97600173950195,58.14500045776367,16984000,55.593170166015625
AVGO,2023-01-31,58.207000732421875,58.722999572753906,58.07400131225586,58.500999450683594,23719000,55.93354034423828
AVGO,2023-02-01,58.356998443603516,60.83000183105469,58.27000045776367,60.275001525878906,26553000,57.62968826293945
AVGO,2023-02-02,60.76300048828125,61.31399917602539,59.974998474121094,60.57699966430664,24188000,57.918426513671875
AVGO,2023-02-03,59.79999923706055,60.80400085449219,59.625,59.762001037597656,19093000,57.13920974731445
AVGO,2023-02-06,59.33399963378906,60.321998596191406,59.22600173950195,60.130001068115234,18709000,57.49105453491211
AVGO,2023-02-07,60.066001892089844,61.70100021362305,59.97200012207031,61.44499969482422,24025000,58.74833679199219
AVGO,2023-02-08,60.667999267578125,61.018001556396484,60.0620002746582,60.17100143432617,15290000,57.53024673461914
AVGO,2023-02-09,61.2599983215332,61.49300003051758,59.54800033569336,59.941001892089844,18837000,57.31035232543945
AVGO,2023-02-10,59.63100051879883,59.84600067138672,58.9630012512207,59.32500076293945,21035000,56.72138214111328
AVGO,2023-02-13,59.5,60.14799880981445,59.34700012207031,60.11199951171875,19847000,57.473838806152344
AVGO,2023-02-14,59.41699981689453,60.55799865722656,59.332000732421875,60.23099899291992,17571000,57.587615966796875
AVGO,2023-02-15,59.88600158691406,60.827999114990234,59.66999816894531,60.76900100708008,12683000,58.10200881958008
AVGO,2023-02-16,60.07500076293945,60.89400100708008,59.95500183105469,60.05400085449219,17449000,57.418392181396484
AVGO,2023-02-17,60,60.084999084472656,59.244998931884766,59.558998107910156,14215000,56.94511032104492
AVGO,2023-02-21,59,59.308998107910156,57.98400115966797,58.15399932861328,22737000,55.60177230834961
AVGO,2023-02-22,58.224998474121094,58.308998107910156,57.209999084472656,57.617000579833984,23475000,55.08834457397461
AVGO,2023-02-23,58.57500076293945,58.59400177001953,57.36800003051758,58.380001068115234,18939000,55.81786346435547
AVGO,2023-02-24,57.75299835205078,58.02399826049805,57.361000061035156,57.775001525878906,15353000,55.23941421508789
AVGO,2023-02-27,58.58700180053711,58.97999954223633,58.42599868774414,58.54499816894531,18321000,55.975608825683594
AVGO,2023-02-28,58.555999755859375,59.858001708984375,58.21799850463867,59.42900085449219,27822000,56.82081985473633
AVGO,2023-03-01,59.400001525878906,59.82099914550781,59.029998779296875,59.356998443603516,15484000,56.751976013183594
AVGO,2023-03-02,58.93899917602539,60.09400177001953,58.612998962402344,59.8650016784668,27525000,57.2376823425293
AVGO,2023-03-03,61.77000045776367,63.573001861572266,61.57500076293945,63.2760009765625,46088000,60.498985290527344
AVGO,2023-03-06,63.5,64.404998779296875,63.17300033569336,63.29199981689453,24983000,60.5142822265625
AVGO,2023-03-07,63.48699951171875,63.577999114990234,62.35100173950195,62.51499938964844,19334000,59.77138137817383
AVGO,2023-03-08,62.77799987792969,63.27299880981445,62.367000579833984,63.22600173950195,20912000,60.45117950439453
AVGO,2023-03-09,63.007999420166016,64.24400329589844,62.1879997253418,62.25199890136719,21775000,59.51991653442383
AVGO,2023-03-10,62.819000244140625,63.01599884033203,61.28200149536133,61.483001708984375,26098000,58.78467559814453
AVGO,2023-03-13,60.70899963378906,62.43899917602539,60.6879997253418,61.64699935913086,22364000,58.94147491455078
AVGO,2023-03-14,62.3390007019043,63.33700180053711,61.849998474121094,63.24599838256836,25893000,60.470306396484375
AVGO,2023-03-15,62.766998291015625,63.00699996948242,61.619998931884766,62.604000091552734,22963000,59.856475830078125
AVGO,2023-03-16,62.185001373291016,63.707000732421875,61.78099822998047,63.650001525878906,31716000,60.85657501220703
AVGO,2023-03-17,63.650001525878906,63.957000732421875,62.70800018310547,63.09700012207031,79303000,60.32783508300781
AVGO,2023-03-20,63.27399826049805,64.4739990234375,63.15999984741211,64.371002197265625,25857000,61.545928955078125
AVGO,2023-03-21,64.30899810791016,64.65899658203125,63.43299865722656,63.67499923706055,25000000,61.318660736083984
AVGO,2023-03-22,63.689998626708984,64.8499984741211,63.06700134277344,63.09199905395508,25799000,60.75722885131836
AVGO,2023-03-23,63.88999938964844,64.81800079345703,63.15299987792969,63.92300033569336,27162000,61.5574836730957
AVGO,2023-03-24,63.803001403808594,63.93000030517578,62.85499954223633,63.617000579833984,17228000,61.26280975341797
AVGO,2023-03-27,63.900001525878906,63.90999984741211,62.5989990234375,62.683998107910156,14707000,60.36433410644531
AVGO,2023-03-28,62.52299880981445,62.65399932861328,61.88600158691406,62.470001220703125,12439000,60.15825653076172
AVGO,2023-03-29,63.27799987792969,63.4010009765625,62.4640007019043,62.54999923706055,26395000,60.23529052734375
AVGO,2023-03-30,63.27299880981445,63.60499954223633,62.93000030517578,63.375,21523000,61.02975845336914
AVGO,2023-03-31,63.05400085449219,64.22200012207031,62.590999603271484,64.15399932861328,22097000,61.779930114746094
AVGO,2023-04-03,63.900001525878906,64.38999938964844,63.64400100708008,64.24700164794922,15682000,61.8694953918457
AVGO,2023-04-04,64.31500244140625,64.42400360107422,63.20000076293945,63.441001892089844,13429000,61.09332275390625
AVGO,2023-04-05,63.11399841308594,63.16999816894531,62.56999969482422,62.9010009765625,16908000,60.573299407958984
AVGO,2023-04-06,62.41600036621094,62.84000015258789,61.89699935913086,62.263999938964844,14493000,59.959877014160156
AVGO,2023-04-10,61.80500030517578,62.7869987487793,61.64500045776367,62.73899841308594,15400000,60.41728591918945
AVGO,2023-04-11,63.077999114990234,63.0880012512207,62.082000732421875,62.15700149536133,16518000,59.856834411621094
AVGO,2023-04-12,62.73400115966797,62.75199890136719,61.625999450683594,61.66999816894531,14112000,59.38785171508789
AVGO,2023-04-13,61.90700149536133,62.650001525878906,61.71099853515625,62.42399978637695,17265000,60.113956451416016
AVGO,2023-04-14,62.04800033569336,62.803001403808594,61.520999908447266,61.95399856567383,17465000,59.661346435546875
AVGO,2023-04-17,61.861000061035156,62.83399963378906,61.78099822998047,62.736000061035156,13201000,60.414405822753906
AVGO,2023-04-18,63.1619987487793,63.54999923706055,62.7130012512207,63.231998443603516,16806000,60.89204406738281
AVGO,2023-04-19,62.67900085449219,63.67900085449219,62.55500030517578,63.45000076293945,19060000,61.10198974609375
AVGO,2023-04-20,62.7859992980957,64.27300262451172,62.7140007019043,63.301998138427734,20239000,60.95946502685547
AVGO,2023-04-21,63.060001373291016,63.380001068115234,62.19900131225586,63.290000915527344,14807000,60.947906494140625
AVGO,2023-04-24,63.36399841308594,63.8849983215332,63.17900085449219,63.45399856567383,12338000,61.1058349609375
AVGO,2023-04-25,63.39899826049805,63.5989990234375,62.17399978637695,62.20199966430664,23670000,59.90016555786133
AVGO,2023-04-26,61.99700164794922,62.3129997253418,61.35100173950195,61.61899948120117,17179000,59.3387451171875
AVGO,2023-04-27,61.61899948120117,62.00899887084961,60.323001861572266,61.840999603271484,18250000,59.552520751953125
AVGO,2023-04-28,61.90700149536133,62.678001403808594,61.45600128173828,62.650001525878906,16183000,60.33158874511719
AVGO,2023-05-01,62.650001525878906,63.89899826049805,62.619998931884766,63.79499816894531,17030000,61.43421936035156
AVGO,2023-05-02,62.57600021362305,62.650001525878906,60.50199890136719,61.23400115966797,28357000,58.967987060546875
AVGO,2023-05-03,61.689998626708984,62.19499969482422,61.2400016784668,61.31999969482422,19816000,59.05080795288086
AVGO,2023-05-04,61,61.395999908447266,60.12900161743164,61.01599884033203,17684000,58.758052825927734
AVGO,2023-05-05,61.595001220703125,63.14699935913086,61.33700180053711,63.012001037597656,24876000,60.68019485473633
AVGO,2023-05-08,62.97800064086914,63.073001861572266,62.05799865722656,62.90599822998047,13934000,60.57811737060547
AVGO,2023-05-09,62.27299880981445,62.40700149536133,61.58599853515625,61.85100173950195,16990000,59.562156677246094
AVGO,2023-05-10,62.20600128173828,62.79999923706055,61.82699966430664,62.62699890136719,19174000,60.3094367980957
AVGO,2023-05-11,62.65800094604492,62.847999572753906,61.79899978637695,62.766998291015625,14430000,60.444252014160156
AVGO,2023-05-12,62.8380012512207,63.27000045776367,62.42100143432617,63.1150016784668,11942000,60.779380798339844
AVGO,2023-05-15,63.1870002746582,64.00199890136719,62.84700012207031,63.97999954223633,14614000,61.61237716674805
AVGO,2023-05-16,64.0459976196289,64.69100189208984,63.87300109863281,64.14399719238281,14967000,61.77029800415039
AVGO,2023-05-17,64.73500061035156,66.089996337890625,64.45800018310547,65.74700164794922,24133000,63.31398391723633
AVGO,2023-05-18,65.5999984741211,67.93599700927734,65.5999984741211,67.79000091552734,26389000,65.28137969970703
AVGO,2023-05-19,68,68.49500274658203,67.84100341796875,68.2249984741211,22968000,65.70027923583984
AVGO,2023-05-22,68.13999938964844,68.46800231933594,67.41200256347656,67.83699798583984,17796000,65.326629638671875
AVGO,2023-05-23,69.06400299072266,69.89900207519531,68.2020034790039,68.6500015258789,36088000,66.10955047607422
AVGO,2023-05-24,68.14399719238281,68.430999755859375,67.60600280761719,67.9530029296875,23021000,65.43836212158203
AVGO,2023-05-25,69.94100189208984,73.23899841308594,69.0770034790039,72.87999725341797,49263000,70.183013916015625
AVGO,2023-05-26,74.74299621582031,81.49800109863281,74.7020034790039,81.27300262451172,82500000,78.26544189453125
AVGO,2023-05-30,83.51200103759766,92.1780014038086,79.88099670410156,80.33399963378906,116912000,77.361175537109375
AVGO,2023-05-31,79.48999786376953,82.16699981689453,79.01300048828125,80.7959976196289,89998000,77.80609130859375
AVGO,2023-06-01,80.06199645996094,80.5790023803711,78.51599884033203,78.99500274658203,80792000,76.07173156738281
AVGO,2023-06-02,79.06400299072266,82.37699890136719,78.720001220703125,81.19999694824219,62815000,78.19512939453125
AVGO,2023-06-05,80.91999816894531,80.91999816894531,79.447998046875,80.2300033569336,26222000,77.26103210449219
AVGO,2023-06-06,80.19999694824219,80.19999694824219,77.63800048828125,79,37823000,76.07654571533203
AVGO,2023-06-07,78.98200225830078,80.54499816894531,78.7509994506836,79.26300048828125,28957000,76.32981872558594
AVGO,2023-06-08,79.490997314453125,80.5009994506836,78.87799835205078,80.41999816894531,21909000,77.4439926147461
AVGO,2023-06-09,80.58000183105469,81.7750015258789,80.38800048828125,80.46199798583984,19241000,77.48443603515625
AVGO,2023-06-12,81.11199951171875,85.80000305175781,81.11199951171875,85.53600311279297,51065000,82.37068939208984
AVGO,2023-06-13,86.11299896240234,86.32599639892578,84.0999984741211,85.11199951171875,38990000,81.96236419677734
AVGO,2023-06-14,85.589996337890625,88.85399627685547,84.72200012207031,88.61799621582031,43524000,85.338623046875
AVGO,2023-06-15,88.44100189208984,88.7969970703125,87.10199737548828,88.34300231933594,33814000,85.07380676269531
AVGO,2023-06-16,88.9280014038086,88.99500274658203,86.54499816894531,86.81099700927734,68299000,83.5984878540039
AVGO,2023-06-20,86.26599884033203,87.707000732421875,86.10099792480469,86.8030014038086,27535000,83.590789794921875
AVGO,2023-06-21,86,86.5999984741211,84.45999908447266,84.76599884033203,23229000,82.0640640258789
AVGO,2023-06-22,84.509002685546875,84.89099884033203,83.53099822998047,84.24299621582031,23464000,81.5577163696289
AVGO,2023-06-23,83.4010009765625,83.60199737548828,81.88500213623047,82.214996337890625,37413000,79.59436798095703
AVGO,2023-06-26,82.5,83.69999694824219,82.022003173828125,82.16300201416016,21372000,79.54402160644531
AVGO,2023-06-27,82.86799621582031,85,82.0999984741211,84.839996337890625,24923000,82.13569641113281
AVGO,2023-06-28,83.87300109863281,85.852996826171875,83.70600128173828,84.79399871826172,19445000,82.09114837646484
AVGO,2023-06-29,85.44499969482422,86.28399658203125,84.64099884033203,86.25700378417969,23386000,83.50752258300781
AVGO,2023-06-30,86.85199737548828,87.457000732421875,86.43299865722656,86.74299621582031,23145000,83.97802734375
AVGO,2023-07-03,86.86199951171875,87.6729965209961,86.49199676513672,87.64399719238281,9038000,84.850311279296875
AVGO,2023-07-05,86.73999786376953,87.69000244140625,86.17500305175781,86.18599700927734,14440000,83.43878936767578
AVGO,2023-07-06,84.5,85.38999938964844,84.43299865722656,84.80000305175781,23939000,82.09696960449219
AVGO,2023-07-07,85.042999267578125,85.79900360107422,84.46600341796875,84.67500305175781,19409000,81.9759521484375
AVGO,2023-07-10,84.8280029296875,87.91699981689453,84.8280029296875,87.77300262451172,30622000,84.9752197265625
AVGO,2023-07-11,88.11100006103516,88.30000305175781,86.46299743652344,88.20500183105469,25498000,85.39344024658203
AVGO,2023-07-12,88.9000015258789,89.759002685546875,88.19999694824219,88.99500274658203,28197000,86.15825653076172
AVGO,2023-07-13,89.89399719238281,89.89399719238281,87.8270034790039,89.03600311279297,25912000,86.19795227050781
AVGO,2023-07-14,88.615997314453125,90.33499908447266,88.615997314453125,88.858001708984375,18510000,86.02562713623047
AVGO,2023-07-17,89.10099792480469,91.32099914550781,88.977996826171875,91.035003662109375,26819000,88.13323211669922
AVGO,2023-07-18,90.5979995727539,90.98999786376953,89.82599639892578,90.34300231933594,24513000,87.463287353515625
AVGO,2023-07-19,89.72699737548828,90.59700012207031,88.56300354003906,90.13700103759766,24118000,87.26385498046875
AVGO,2023-07-20,89.253997802734375,90.69999694824219,88.5999984741211,88.83399963378906,28268000,86.00238800048828
AVGO,2023-07-21,90.4489974975586,91.11499786376953,89.38300323486328,89.67500305175781,74287000,86.81658935546875
AVGO,2023-07-24,90.08000183105469,90.54399871826172,89.4229965209961,90.15899658203125,19992000,87.28514862060547
AVGO,2023-07-25,90.06199645996094,92.31800079345703,90.06199645996094,91.79900360107422,20042000,88.87288665771484
AVGO,2023-07-26,90.9000015258789,91.06199645996094,88.76499938964844,89.30899810791016,19877000,86.462249755859375
AVGO,2023-07-27,90.8499984741211,90.98500061035156,88.5999984741211,89.352996826171875,21922000,86.50484466552734
AVGO,2023-07-28,89.93199920654297,90.35600280761719,89.3949966430664,89.97899627685547,18791000,87.11088562011719
AVGO,2023-07-31,89.75,90.0999984741211,89.0999984741211,89.86499786376953,14952000,87.0005111694336
AVGO,2023-08-01,89.89800262451172,92.06199645996094,89.7699966430664,92,19683000,89.06746673583984
AVGO,2023-08-02,91.2300033569336,91.30000305175781,89.02899932861328,89.2300033569336,26877000,86.385772705078125
AVGO,2023-08-03,88.66200256347656,89.53299713134766,88.108001708984375,88.49800109863281,18281000,85.67710876464844
AVGO,2023-08-04,88.49800109863281,89.36199951171875,87.33699798583984,88.16500091552734,21156000,85.35472106933594
AVGO,2023-08-07,88.76799774169922,89.73699951171875,88.5270004272461,89.70600128173828,11146000,86.846588134765625
AVGO,2023-08-08,89.009002685546875,89.05999755859375,87.339996337890625,88.31600189208984,14081000,85.50090789794922
AVGO,2023-08-09,88.272003173828125,88.352996826171875,84.87200164794922,85.072998046875,24672000,82.36127471923828
AVGO,2023-08-10,85.31199645996094,86.1500015258789,83.707000732421875,84.29000091552734,20186000,81.60322570800781
AVGO,2023-08-11,83.4010009765625,83.63999938964844,82.3479995727539,82.97599792480469,20331000,80.33111572265625
AVGO,2023-08-14,83.11299896240234,85.417999267578125,82.73799896240234,85.410003662109375,17688000,82.68753814697266
AVGO,2023-08-15,84.9209976196289,85.46199798583984,83.64600372314453,84.25199890136719,14035000,81.566436767578125
AVGO,2023-08-16,84.77899932861328,85.44999694824219,83.19599914550781,83.29900360107422,16003000,80.6438217163086
AVGO,2023-08-17,83.6510009765625,83.94200134277344,82.70099639892578,82.70999908447266,19228000,80.07359313964844
AVGO,2023-08-18,82,82.81700134277344,81.19999694824219,82.58399963378906,17759000,79.95160675048828
AVGO,2023-08-21,83.40599822998047,86.73400115966797,83.177001953125,86.51399993896484,30012000,83.75633239746094
AVGO,2023-08-22,87.34100341796875,87.4749984741211,85.08799743652344,85.5790023803711,17079000,82.85114288330078
AVGO,2023-08-23,85.0770034790039,87.819000244140625,85,87.65799713134766,19692000,84.8638687133789
AVGO,2023-08-24,90.23500061035156,90.98600006103516,85.246002197265625,85.44599914550781,30934000,82.722381591796875
AVGO,2023-08-25,85.7020034790039,86.944000244140625,83.766998291015625,85.18199920654297,24181000,82.466796875
AVGO,2023-08-28,85.63899993896484,86.41300201416016,84.71099853515625,86.108001708984375,14306000,83.36328125
AVGO,2023-08-29,85.839996337890625,89.28399658203125,85.641998291015625,88.99299621582031,27822000,86.15631103515625
AVGO,2023-08-30,89.23899841308594,89.871002197265625,87.91100311279297,89.227996826171875,23234000,86.38382720947266
AVGO,2023-08-31,89.8010025024414,92.36699676513672,89.37699890136719,92.28900146484375,55203000,89.347259521484375
AVGO,2023-09-01,90.18699645996094,90.18699645996094,86.46600341796875,87.25199890136719,65017000,84.47080993652344
AVGO,2023-09-05,86.95099639892578,88.30000305175781,86.69999694824219,87.21700286865234,24808000,84.43692779541016
AVGO,2023-09-06,87.25,87.73699951171875,86.67400360107422,87.22699737548828,20142000,84.44660949707031
AVGO,2023-09-07,85.94999694824219,86.16899871826172,84.052001953125,85.7030029296875,27789000,82.97118377685547
AVGO,2023-09-08,85.5,86.08300018310547,85.01200103759766,85.75499725341797,16810000,83.02153015136719
AVGO,2023-09-11,86.87699890136719,86.9000015258789,84.56500244140625,85.91400146484375,15710000,83.17545318603516
AVGO,2023-09-12,85.02400207519531,85.8270034790039,84.16600036621094,84.4520034790039,16680000,81.76006317138672
AVGO,2023-09-13,84.71900177001953,85.91100311279297,84.42400360107422,85.292999267578125,17413000,82.574249267578125
AVGO,2023-09-14,85.90299987792969,87.66699981689453,85.5,87.16400146484375,19648000,84.3856201171875
AVGO,2023-09-15,86.81600189208984,86.81600189208984,84.29000091552734,85.167999267578125,50190000,82.45323181152344
AVGO,2023-09-18,84.25800323486328,85.63300323486328,84,85,16541000,82.29060363769531
AVGO,2023-09-19,84.5989990234375,85.102996826171875,83.8499984741211,84.91999816894531,13126000,82.21314239501953
AVGO,2023-09-20,84.9990005493164,84.9990005493164,83.035003662109375,83.05699920654297,13681000,80.84747314453125
AVGO,2023-09-21,79.51100158691406,82.25,79.509002685546875,80.83599853515625,53654000,78.685546875
AVGO,2023-09-22,81.1240005493164,83.05799865722656,81.03800201416016,82.90799713134766,27764000,80.702423095703125
AVGO,2023-09-25,82.80000305175781,83.85600280761719,82.3010025024414,83.38899993896484,15648000,81.17063903808594
AVGO,2023-09-26,82.91699981689453,83.0270004272461,81.121002197265625,81.61900329589844,17641000,79.447723388671875
AVGO,2023-09-27,81.9260025024414,82.36799621582031,80.43800354003906,81.680999755859375,15352000,79.50807189941406
AVGO,2023-09-28,82.016998291015625,83.88600158691406,81.46800231933594,83.19999694824219,16180000,80.986663818359375
AVGO,2023-09-29,83.6449966430664,84.40399932861328,82.29100036621094,83.05799865722656,16481000,80.84843444824219
AVGO,2023-10-02,82.90599822998047,83.85600280761719,82.3499984741211,83.49500274658203,14676000,81.2738265991211
AVGO,2023-10-03,82.69999694824219,83.57499694824219,80.89099884033203,81.483001708984375,18761000,79.31534576416016
AVGO,2023-10-04,82.03299713134766,83.05799865722656,81.62999725341797,82.38099670410156,16417000,80.18944549560547
AVGO,2023-10-05,82.01100158691406,82.86299896240234,81.5479965209961,82.38600158691406,11474000,80.194305419921875
AVGO,2023-10-06,81.94000244140625,84.83899688720703,81.1719970703125,84.5260009765625,21103000,82.27738952636719
AVGO,2023-10-09,84.0459976196289,85.66100311279297,83.78299713134766,85.58799743652344,15760000,83.31114196777344
AVGO,2023-10-10,85.714996337890625,87.25499725341797,85.5719985961914,85.84100341796875,14718000,83.55741882324219
AVGO,2023-10-11,85.97100067138672,87.53399658203125,85.654998779296875,87.45600128173828,14334000,85.12944793701172
AVGO,2023-10-12,87.64299774169922,91.792999267578125,87.64299774169922,90.55999755859375,43871000,88.15086364746094
AVGO,2023-10-13,90.9000015258789,92.59100341796875,88.20899963378906,88.31800079345703,28312000,85.96852111816406
AVGO,2023-10-16,89.09700012207031,91.5790023803711,89.09700012207031,90.25700378417969,21150000,87.85594177246094
AVGO,2023-10-17,88.51499938964844,89.2979965209961,86.5999984741211,88.44000244140625,33008000,86.08727264404297
AVGO,2023-10-18,87.99500274658203,89.56300354003906,87.5199966430664,88.7030029296875,20404000,86.34326934814453
AVGO,2023-10-19,88.7020034790039,88.9489974975586,86.56700134277344,86.78299713134766,26620000,84.4743423461914
AVGO,2023-10-20,87.48999786376953,87.48999786376953,85.18399810791016,85.36299896240234,26953000,83.092132568359375
AVGO,2023-10-23,85.7959976196289,87.36000061035156,84.28199768066406,86.22200012207031,16456000,83.92828369140625
AVGO,2023-10-24,86.4000015258789,88.30000305175781,86.31199645996094,88.11100006103516,14972000,85.76703643798828
AVGO,2023-10-25,87.707000732421875,87.87300109863281,84.608001708984375,84.96299743652344,21432000,82.7027587890625
AVGO,2023-10-26,84.79100036621094,85.44200134277344,81.83399963378906,82.67500305175781,27917000,80.47562408447266
AVGO,2023-10-27,83,84.02100372314453,82.85399627685547,83.83599853515625,18236000,81.605743408203125
AVGO,2023-10-30,84.11000061035156,84.94300079345703,82.714996337890625,84.125,20889000,81.887054443359375
AVGO,2023-10-31,84.38899993896484,84.55000305175781,83.26000213623047,84.13700103759766,14747000,81.89875030517578
AVGO,2023-11-01,84.19999694824219,85.38300323486328,83.55699920654297,85.29399871826172,18684000,83.02496337890625
AVGO,2023-11-02,86.19999694824219,88.05000305175781,86,87.12999725341797,18759000,84.8121109008789
AVGO,2023-11-03,87.75,88.75,87.10600280761719,88.26799774169922,18041000,85.919830322265625
AVGO,2023-11-06,88.15599822998047,88.58899688720703,87.121002197265625,88.08300018310547,12870000,85.7397689819336
AVGO,2023-11-07,88.23200225830078,90.177001953125,87.615997314453125,89.78199768066406,19365000,87.39356994628906
AVGO,2023-11-08,90,91.29100036621094,89.9000015258789,91.11299896240234,15280000,88.68914794921875
AVGO,2023-11-09,91.25,92.9800033569336,90.85600280761719,91.13800048828125,24486000,88.71350860595703
AVGO,2023-11-10,92.17400360107422,95.8949966430664,91.82099914550781,95.75199890136719,36272000,93.20475769042969
AVGO,2023-11-13,95.00499725341797,95.23999786376953,94.0479965209961,94.69300079345703,16893000,92.173919677734375
AVGO,2023-11-14,96.23400115966797,97.677001953125,95.5250015258789,97.2959976196289,23886000,94.70767974853516
AVGO,2023-11-15,97.95099639892578,98.17500305175781,96.69100189208984,97.54000091552734,16099000,94.94518280029297
AVGO,2023-11-16,96.4000015258789,96.87000274658203,95.052001953125,95.95500183105469,26198000,93.40235900878906
AVGO,2023-11-17,95.82099914550781,98.38899993896484,95.0999984741211,97.77300262451172,19789000,95.17198944091797
AVGO,2023-11-20,97.30000305175781,99.98699951171875,97.30000305175781,99.57099914550781,18674000,96.92215728759766
AVGO,2023-11-21,97.5,99.0999984741211,97.16300201416016,98.12000274658203,43344000,95.50975799560547
AVGO,2023-11-22,98.36900329589844,98.79900360107422,97.0999984741211,97.19999694824219,33743000,94.614227294921875
AVGO,2023-11-24,97.496002197265625,97.98600006103516,96.67500305175781,97.88700103759766,23158000,95.28295135498047
AVGO,2023-11-27,97.61499786376953,98.10099792480469,94.93299865722656,95.02400207519531,96962000,92.496124267578125
AVGO,2023-11-28,93.99400329589844,95.08599853515625,93.41600036621094,94.63500213623047,39025000,92.11746978759766
AVGO,2023-11-29,94.83399963378906,95.94300079345703,93.93699645996094,94.08300018310547,34843000,91.58014678955078
AVGO,2023-11-30,94.0999984741211,94.24199676513672,91.83699798583984,92.572998046875,49571000,90.110321044921875
AVGO,2023-12-01,92.246002197265625,93.38999938964844,90.80000305175781,93,29612000,90.52596282958984
AVGO,2023-12-04,92.06400299072266,93.09700012207031,91.64399719238281,92.397003173828125,25009000,89.93900299072266
AVGO,2023-12-05,91.160003662109375,91.72699737548828,90.58499908447266,91.31199645996094,37066000,88.88286590576172
AVGO,2023-12-06,92.03600311279297,92.09700012207031,90.30999755859375,90.36399841308594,24813000,87.96009063720703
AVGO,2023-12-07,90.55400085449219,92.41200256347656,90.36399841308594,92.22599792480469,43517000,89.77254486083984
AVGO,2023-12-08,92.78399658203125,95.072998046875,91.0530014038086,94.43000030517578,69668000,91.91792297363281
AVGO,2023-12-11,95.70099639892578,103.95099639892578,95.60900115966797,102.92400360107422,101184000,100.18595123291016
AVGO,2023-12-12,102.79900360107422,107.93900299072266,102.45800018310547,107.22799682617188,90242000,104.37545776367188
AVGO,2023-12-13,106.80000305175781,109.97799682617188,106.25399780273438,108.96900177001953,71654000,106.07015228271484
AVGO,2023-12-14,109.21800231933594,112.14600372314453,109.02799987792969,110.64900207519531,66964000,107.70545196533203
AVGO,2023-12-15,109.52200317382812,114.98799896240234,109.46199798583984,112.9739990234375,118544000,109.96861267089844
AVGO,2023-12-18,112.08000183105469,115.18199920654297,111.86399841308594,114.69999694824219,54741000,111.64867401123047
AVGO,2023-12-19,114.19999694824219,115.0459976196289,113.2509994506836,113.95800018310547,36020000,111.43649291992188
AVGO,2023-12-20,113.2699966430664,114.13600158691406,110.9260025024414,111.03800201416016,34523000,108.58110809326172
AVGO,2023-12-21,113.26499938964844,113.54199981689453,111.5,112.72899627685547,24106000,110.23467254638672
AVGO,2023-12-22,112.7979965209961,113.19999694824219,111.35299682617188,112.197998046875,19089000,109.71542358398438
AVGO,2023-12-26,112.42400360107422,113.55000305175781,112.302001953125,113.18900299072266,16793000,110.68450164794922
AVGO,2023-12-27,113.5999984741211,113.95700073242188,112.2959976196289,112.61699676513672,20055000,110.12516021728516
AVGO,2023-12-28,113.16899871826172,113.2239990234375,111.90499877929688,112.24099731445312,21247000,109.7574691772461
AVGO,2023-12-29,112.14600372314453,112.43800354003906,111.46700286865234,111.625,20558000,109.15510559082031
AVGO,2024-01-02,109.21199798583984,110.19999694824219,107.70899963378906,108.53800201416016,28831000,106.13641357421875
AVGO,2024-01-03,107.0199966430664,107.5,105.53099822998047,105.85800170898438,34735000,103.51571655273438
AVGO,2024-01-04,105.7959976196289,106.94999694824219,104.73699951171875,104.9010009765625,25658000,102.57989501953125
AVGO,2024-01-05,105.16000366210938,105.5459976196289,104.1510009765625,104.9280014038086,22475000,102.60629272460938
AVGO,2024-01-08,105.6500015258789,107.80000305175781,105.19999694824219,107.48500061035156,33110000,105.10671997070312
AVGO,2024-01-09,106.56199645996094,108.8550033569336,106.47100067138672,108.2490005493164,23225000,105.85380554199219
AVGO,2024-01-10,108.03500366210938,108.2959976196289,106.26000213623047,108.05699920654297,17643000,105.66605377197266
AVGO,2024-01-11,108.43199920654297,110.12999725341797,107.45099639892578,109.99800109863281,25757000,107.56411743164062
AVGO,2024-01-12,111.20999908447266,111.56900024414062,110.0009994506836,110.76799774169922,26882000,108.31706237792969
AVGO,2024-01-16,111.23400115966797,112.6240005493164,109.86299896240234,111.49600219726562,26145000,109.0289535522461
AVGO,2024-01-17,110.62899780273438,111.31099700927734,109.02100372314453,110.36699676513672,18314000,107.9249496459961
AVGO,2024-01-18,112.48999786376953,114.65499877929688,112.18800354003906,114.39099884033203,32228000,111.85990905761719
AVGO,2024-01-19,115.73100280761719,121.69999694824219,115.5999984741211,121.12000274658203,53077000,118.44002532958984
AVGO,2024-01-22,121.625,123.13300323486328,120.8219985961914,122.05000305175781,31222000,119.34943389892578
AVGO,2024-01-23,122.0999984741211,122.697998046875,120.35199737548828,122.63099670410156,16952000,119.9175796508789
AVGO,2024-01-24,124.2300033569336,128.4550018310547,123.10099792480469,125.38700103759766,34805000,122.61260223388672
AVGO,2024-01-25,128.10000610351562,128.10000610351562,122.87999725341797,123,36356000,120.2784194946289
AVGO,2024-01-26,121.97000122070312,122.12100219726562,120.02300262451172,120.48799896240234,25818000,117.82199096679688
AVGO,2024-01-29,121.49099731445312,122.36699676513672,120.4990005493164,121.7770004272461,21526000,119.08247375488281
AVGO,2024-01-30,121.677001953125,122.80000305175781,120.42900085449219,120.81600189208984,20683000,118.14274597167969
AVGO,2024-01-31,118.94499969482422,119.72200012207031,117.43099975585938,118,27400000,115.38905334472656
AVGO,2024-02-01,118.73500061035156,120.30899810791016,117.91100311279297,120.0009994506836,19411000,117.34577941894531
AVGO,2024-02-02,120.875,123.46900177001953,120.51499938964844,122.43399810791016,26689000,119.72494506835938
AVGO,2024-02-05,122.69599914550781,124.7750015258789,122.21499633789062,124.30999755859375,22045000,121.5594253540039
AVGO,2024-02-06,126.35700225830078,127.21099853515625,121.19400024414062,122.26499938964844,25354000,119.5596694946289
AVGO,2024-02-07,123.4000015258789,125.95099639892578,122.66999816894531,125.70600128173828,25768000,122.9245376586914
AVGO,2024-02-08,126.69999694824219,129.5970001220703,126.5009994506836,127.47599792480469,29326000,124.65536499023438
AVGO,2024-02-09,125.2030029296875,128.5749969482422,124.89900207519531,128.343994140625,26293000,125.50415802001953
AVGO,2024-02-12,129.00100708007812,129.0070037841797,125.9000015258789,126.5,24778000,123.70098114013672
AVGO,2024-02-13,123.51200103759766,125.58699798583984,122.70899963378906,125.16500091552734,31907000,122.39551544189453
AVGO,2024-02-14,126.92400360107422,127.30000305175781,124.13200378417969,126.22200012207031,27306000,123.42913055419922
AVGO,2024-02-15,127.99500274658203,128,124.48500061035156,126.50700378417969,21873000,123.70781707763672
AVGO,2024-02-16,125.90399932861328,127.56800079345703,124.23899841308594,124.5479965209961,21268000,121.79216766357422
AVGO,2024-02-20,123.58599853515625,123.77200317382812,121.25599670410156,122.65499877929688,26329000,119.94104766845703
AVGO,2024-02-21,121.80000305175781,122.80500030517578,120.26399993896484,122.74500274658203,20579000,120.02906036376953
AVGO,2024-02-22,128.17100524902344,131.09800720214844,127.64700317382812,130.49000549316406,40819000,127.60269165039062
AVGO,2024-02-23,130.83700561523438,131.96200561523438,128.8820037841797,129.63699340820312,23115000,126.76856231689453
AVGO,2024-02-26,131,131.87899780273438,130.14599609375,130.91299438476562,16282000,128.01629638671875
AVGO,2024-02-27,130.91299438476562,131.19400024414062,129.2220001220703,129.6230010986328,12126000,126.75487518310547
AVGO,2024-02-28,129.3000030517578,129.8520050048828,128.2969970703125,128.94200134277344,10967000,126.08892822265625
AVGO,2024-02-29,130.33099365234375,130.83999633789062,128.72799682617188,130.0489959716797,27536000,127.17144012451172
AVGO,2024-03-01,132.59300231933594,140.7760009765625,132,139.91700744628906,44488000,136.8210906982422
AVGO,2024-03-04,140.31500244140625,143.81700134277344,138.5189971923828,140.2259979248047,34854000,137.12326049804688
AVGO,2024-03-05,139.5,139.5,133.23699951171875,134.27499389648438,36040000,131.30393981933594
AVGO,2024-03-06,139.1580047607422,139.48300170898438,134.70599365234375,135,43196000,132.0128936767578
AVGO,2024-03-07,138.19900512695312,141.43099975585938,137.28900146484375,140.7010040283203,62832000,137.5877685546875
AVGO,2024-03-08,139.4250030517578,141.3000030517578,130.1580047607422,130.8719940185547,74025000,127.97621154785156
AVGO,2024-03-11,127.79299926757812,129.90199279785156,125.25599670410156,129.31199645996094,31105000,126.45075225830078
AVGO,2024-03-12,130.6999969482422,130.7790069580078,125.9280014038086,129.18800354003906,42789000,126.32949829101562
AVGO,2024-03-13,128.28799438476562,128.28799438476562,125.23600006103516,125.78700256347656,37838000,123.00374603271484
AVGO,2024-03-14,126.25399780273438,127.31300354003906,124.77100372314453,126.22699737548828,38029000,123.43401336669922
AVGO,2024-03-15,125.34600067138672,126.73699951171875,123.00700378417969,123.55000305175781,88823000,120.8162612915039
AVGO,2024-03-18,125.39800262451172,126.28800201416016,123.16999816894531,123.7239990234375,25737000,120.98639678955078
AVGO,2024-03-19,121.69499969482422,124.0270004272461,120.4020004272461,123.8010025024414,24491000,121.06169128417969
AVGO,2024-03-20,123.9020004272461,128.7989959716797,122.65899658203125,127.5999984741211,40946000,125.30802917480469
AVGO,2024-03-21,132.83200073242188,140.36099243164062,131.60000610351562,134.8000030517578,72468000,132.37872314453125
AVGO,2024-03-22,135,137.6219940185547,134.61500549316406,135.3470001220703,38624000,132.91586303710938
AVGO,2024-03-25,134.5030059814453,135.843994140625,133.7469940185547,135.1580047607422,21237000,132.7302703857422
AVGO,2024-03-26,136.468994140625,137.99400329589844,133.05099487304688,133.1490020751953,23522000,130.75738525390625
AVGO,2024-03-27,135,135,129.6020050048828,131.8730010986328,25583000,129.5042724609375
AVGO,2024-03-28,131.7899932861328,133.00900268554688,131.1529998779297,132.54100036621094,19856000,130.16029357910156
AVGO,2024-04-01,132.5679931640625,136.29800415039062,132.54100036621094,135.0260009765625,17252000,132.60061645507812
AVGO,2024-04-02,131.57899475097656,134.23699951171875,130.34100341796875,133.87600708007812,24694000,131.47129821777344
AVGO,2024-04-03,132.8000030517578,137.6820068359375,132.52699279785156,136.3209991455078,28650000,133.87237548828125
AVGO,2024-04-04,138.53199768066406,140.3979949951172,131.5,131.75,27014000,129.38348388671875
AVGO,2024-04-05,132.60000610351562,136.1230010986328,131.4199981689453,133.9429931640625,19438000,131.53709411621094
AVGO,2024-04-08,133.36500549316406,134.25,131.5749969482422,133.61000061035156,17139000,131.21006774902344
AVGO,2024-04-09,135.73699951171875,135.947998046875,130.86399841308594,133.4080047607422,17986000,131.01171875
AVGO,2024-04-10,132.3000030517578,133.5749969482422,131.54800415039062,132.23699951171875,17467000,129.86172485351562
AVGO,2024-04-11,133.26800537109375,139.18699645996094,132.36500549316406,138.24600219726562,31713000,135.76278686523438
AVGO,2024-04-12,135.2010040283203,136.6510009765625,133.66200256347656,134.40699768066406,27823000,131.99276733398438
AVGO,2024-04-15,137,137,130.60000610351562,131.06900024414062,24370000,128.71470642089844
AVGO,2024-04-16,131.53799438476562,133.6320037841797,131.10000610351562,132.906005859375,18923000,130.51873779296875
AVGO,2024-04-17,134.31100463867188,134.6999969482422,128.14199829101562,128.26300048828125,24718000,125.9591293334961
AVGO,2024-04-18,128.8000030517578,129.26499938964844,125.5459976196289,125.89900207519531,24888000,123.63758087158203
AVGO,2024-04-19,125.89900207519531,126,119.75599670410156,120.47100067138672,44797000,118.30708312988281
AVGO,2024-04-22,122.44999694824219,123.31999969482422,120.05400085449219,122.44599914550781,25162000,120.24659729003906
AVGO,2024-04-23,122.81700134277344,125.79000091552734,122.802001953125,124.91899871826172,22025000,122.6751937866211
AVGO,2024-04-24,126.38999938964844,128.56199645996094,124.49600219726562,125.68199920654297,20108000,123.42446899414062
AVGO,2024-04-25,127.24500274658203,130.80299377441406,125.69999694824219,129.44200134277344,30410000,127.11693572998047
AVGO,2024-04-26,131,135.58299255371094,130.31300354003906,134.40699768066406,24100000,131.99276733398438
AVGO,2024-04-29,134.4080047607422,135.29800415039062,132.57000732421875,133.86199951171875,13372000,131.4575653076172
AVGO,2024-04-30,132.88800048828125,134.8350067138672,129.90499877929688,130.02699279785156,22113000,127.69142150878906
AVGO,2024-05-01,127.83300018310547,129.23699951171875,124.13500213623047,124.28600311279297,30958000,122.05355834960938
AVGO,2024-05-02,125.62799835205078,126.44499969482422,122.33100128173828,123.85700225830078,29480000,121.63226318359375
AVGO,2024-05-03,125.9000015258789,128.38800048828125,124.71399688720703,127.81099700927734,24898000,125.5152359008789
AVGO,2024-05-06,128.6219940185547,131.07699584960938,127.50700378417969,131.031005859375,16287000,128.67739868164062
AVGO,2024-05-07,131.6439971923828,131.8990020751953,129.67599487304688,130.31100463867188,12413000,127.97032165527344
AVGO,2024-05-08,129.35000610351562,133.79100036621094,128.8489990234375,132.53700256347656,13918000,130.1563262939453
AVGO,2024-05-09,131.7830047607422,132.16099548339844,130.1999969482422,130.56700134277344,12170000,128.22171020507812
AVGO,2024-05-10,131.531005859375,134.39999389648438,131.531005859375,133.27999877929688,16300000,130.88600158691406
AVGO,2024-05-13,134.8000030517578,135.83900451660156,133.01100158691406,133.75100708007812,18507000,131.3485565185547
AVGO,2024-05-14,133.23399353027344,138.19900512695312,132.5800018310547,138.0030059814453,19420000,135.524169921875
AVGO,2024-05-15,138,143.89500427246094,136.9980010986328,143.61700439453125,32757000,141.03733825683594
AVGO,2024-05-16,142.60000610351562,144.5399932861328,140.50599670410156,141.21299743652344,28395000,138.67649841308594
AVGO,2024-05-17,141.24200439453125,141.9530029296875,138.17799377441406,139.5290069580078,18174000,137.0227813720703
AVGO,2024-05-20,139.60000610351562,141.69400024414062,139.3159942626953,141.4029998779297,27170000,138.86309814453125
AVGO,2024-05-21,139.8679962158203,140.93899536132812,139.3459930419922,139.9199981689453,15333000,137.40673828125
AVGO,2024-05-22,139.6009979248047,140.5,138.4219970703125,139.2239990234375,21002000,136.72323608398438
AVGO,2024-05-23,142.84300231933594,142.89999389648438,137.8000030517578,139.32899475097656,31039000,136.8263397216797
AVGO,2024-05-24,139.97900390625,141.35800170898438,139.20199584960938,140.78399658203125,16730000,138.2552032470703
AVGO,2024-05-28,141,141.71800231933594,139.25399780273438,141.2449951171875,22919000,138.7079315185547
AVGO,2024-05-29,139.91000366210938,139.91000366210938,138.3000030517578,139.06700134277344,26861000,136.5690460205078
AVGO,2024-05-30,137.89999389648438,138.2779998779297,135.56399536132812,136.4080047607422,21717000,133.9578399658203
AVGO,2024-05-31,136.13600158691406,136.2550048828125,130.7259979248047,132.85499572753906,73091000,130.4686279296875
AVGO,2024-06-03,135.27000427246094,135.3000030517578,130.2530059814453,132.19000244140625,26278000,129.81558227539062
AVGO,2024-06-04,132.0399932861328,133.19900512695312,130.7010040283203,133.08200073242188,23048000,130.69155883789062
AVGO,2024-06-05,134.60000610351562,141.43499755859375,134.0540008544922,141.3090057373047,32947000,138.7707977294922
AVGO,2024-06-06,142.18699645996094,142.2689971923828,138.82400512695312,140.1269989013672,20172000,137.61000061035156
AVGO,2024-06-07,140.7779998779297,142.5,139.70199584960938,140.66400146484375,17859000,138.1373748779297
AVGO,2024-06-10,140.97999572753906,144.90499877929688,140.91299438476562,144.0469970703125,31042000,141.4595947265625
AVGO,2024-06-11,143.82000732421875,146.50100708007812,141.6230010986328,146.10299682617188,34844000,143.47865295410156
AVGO,2024-06-12,150,150.5800018310547,147.63999938964844,149.55099487304688,56697000,146.86471557617188
AVGO,2024-06-13,171,173.5850067138672,165.2519989013672,167.8990020751953,89061000,164.88319396972656
AVGO,2024-06-14,168.68600463867188,174.7239990234375,168.2100067138672,173.50399780273438,69705000,170.38748168945312
AVGO,2024-06-17,180,184.3000030517578,177.85800170898438,182.88699340820312,87528000,179.60195922851562
AVGO,2024-06-18,183.95899963378906,185.16200256347656,178.50100708007812,180.2519989013672,86797000,177.0142822265625
AVGO,2024-06-20,180.3459930419922,180.47500610351562,172.2220001220703,173.45599365234375,68157000,170.34036254882812
AVGO,2024-06-21,169.5659942626953,171.39999389648438,165.14199829101562,165.86300659179688,99289000,162.8837432861328
AVGO,2024-06-24,164.2050018310547,166.10000610351562,159.0659942626953,159.2209930419922,58575000,156.85752868652344
AVGO,2024-06-25,160.01300048828125,160.60400390625,156.39999389648438,158.07899475097656,53329000,155.7324676513672
AVGO,2024-06-26,159.76199340820312,161.8179931640625,157.35899353027344,159.1999969482422,46479000,156.83685302734375
AVGO,2024-06-27,159.1999969482422,160.56199645996094,157.10000610351562,158.66600036621094,31649000,156.310791015625
AVGO,2024-06-28,159.58799743652344,163.92300415039062,158.60000610351562,160.55299377441406,69377000,158.1697540283203
AVGO,2024-07-01,160.82000732421875,164.875,159.35000610351562,164.0800018310547,47623000,161.6444091796875
AVGO,2024-07-02,164.0800018310547,165.9199981689453,162.1999969482422,165.7480010986328,32539000,163.2876739501953
AVGO,2024-07-03,167,172.9219970703125,166.4459991455078,172.9219970703125,39954000,170.3551788330078
AVGO,2024-07-05,175.55599975585938,176.5469970703125,169.60000610351562,170.33099365234375,45240000,167.8026123046875
AVGO,2024-07-08,170.5,175.69000244140625,170.5,174.58599853515625,36398000,171.9944610595703
AVGO,2024-07-09,175.656005859375,177.09800720214844,170.55599975585938,173.33099365234375,37802000,170.75808715820312
AVGO,2024-07-10,174.60000610351562,176.6490020751953,172.63600158691406,174.468994140625,41074000,171.8791961669922
AVGO,2024-07-11,176.46600341796875,176.48699951171875,166.85000610351562,170.59500122070312,51026000,168.06268310546875
AVGO,2024-07-12,171.10299682617188,172.59100341796875,169.13099670410156,170.06700134277344,30453000,167.5425567626953
AVGO,2024-07-15,170,173.50999450683594,169.25999450683594,171.4199981689453,22999200,168.8754425048828
AVGO,2024-07-16,172.39999389648438,172.80999755859375,166.39999389648438,169.3800048828125,22244900,166.86575317382812
AVGO,2024-07-17,162.30999755859375,162.83999633789062,155.61000061035156,155.97999572753906,43343400,153.66464233398438
AVGO,2024-07-18,158.88999938964844,161.50999450683594,153.89999389648438,160.52000427246094,37973500,158.13726806640625
AVGO,2024-07-19,161.83999633789062,163.9499969482422,157.1199951171875,157.35000610351562,26309500,155.01431274414062
AVGO,2024-07-22,160.22999572753906,162.99000549316406,157.89999389648438,161.05999755859375,28813300,158.6692352294922
AVGO,2024-07-23,160.39999389648438,165.3300018310547,159.89999389648438,163.77000427246094,21570200,161.33901977539062
AVGO,2024-07-24,160.35000610351562,161.41000366210938,151.10000610351562,151.33999633789062,37162600,149.093505859375
AVGO,2024-07-25,151.25999450683594,153.5500030517578,145.52000427246094,149.25999450683594,30872100,147.04440307617188
AVGO,2024-07-26,153.5,153.5800018310547,149.9199981689453,151.6300048828125,20839900,149.3792266845703
AVGO,2024-07-29,152.02000427246094,155,149.14999389648438,150.22000122070312,16625800,147.99014282226562
AVGO,2024-07-30,153.27999877929688,153.47000122070312,143.35000610351562,143.52000427246094,31102300,141.3896026611328
AVGO,2024-07-31,151.47000122070312,161.3300018310547,151,160.67999267578125,45827500,158.29486083984375
AVGO,2024-08-01,157.5,158.91000366210938,146.1699981689453,147.02000427246094,40320000,144.837646484375
AVGO,2024-08-02,141.92999267578125,145.35000610351562,139.60000610351562,143.82000732421875,33745800,141.68516540527344
AVGO,2024-08-05,129.61000061035156,145.4199981689453,128.5,142.0800018310547,41309300,139.97097778320312
AVGO,2024-08-06,141.72999572753906,148.91000366210938,140.25,143.9199981689453,24751300,141.78366088867188
AVGO,2024-08-07,148.25,150.10000610351562,135.8300018310547,136.27000427246094,29749800,134.24722290039062
AVGO,2024-08-08,141.1999969482422,146.27000427246094,138.39999389648438,145.74000549316406,27583200,143.57666015625
AVGO,2024-08-09,144.1999969482422,149.5500030517578,144.11000061035156,148.25999450683594,18438700,146.0592498779297
AVGO,2024-08-12,148.0800018310547,151.1300048828125,146.3699951171875,148.6199951171875,17778500,146.41390991210938
AVGO,2024-08-13,151.5500030517578,156.3800048828125,149.80999755859375,156.16000366210938,22053600,153.84194946289062
AVGO,2024-08-14,158.02000427246094,160.25,154.72000122070312,157.69000244140625,20184200,155.34927368164062
AVGO,2024-08-15,161.1999969482422,166.6699981689453,160.33999633789062,166.1300048828125,27945000,163.66400146484375
AVGO,2024-08-16,164.47000122070312,166.08999633789062,162.67999267578125,165.72000122070312,19296900,163.2600555419922
AVGO,2024-08-19,164.86000061035156,167.8300018310547,160.4199981689453,167.7100067138672,20441700,165.22055053710938
AVGO,2024-08-20,167.0500030517578,168.3699951171875,164.14999389648438,165.9499969482422,19417500,163.48666381835938
AVGO,2024-08-21,165.1199951171875,166.47000122070312,162.8800048828125,165.77999877929688,16097700,163.3191680908203
AVGO,2024-08-22,170.83999633789062,172.4199981689453,161.49000549316406,162.33999633789062,30044500,159.9302520751953
AVGO,2024-08-23,165.02999877929688,168.27999877929688,163.4600067138672,166.36000061035156,18848000,163.8905792236328
AVGO,2024-08-26,164.9600067138672,165.6999969482422,158.66000366210938,159.6199951171875,18521200,157.2506103515625
AVGO,2024-08-27,157.60000610351562,162.02999877929688,155.8300018310547,161.38999938964844,16683100,158.9943389892578
AVGO,2024-08-28,160.0800018310547,162.27999877929688,156.25,158.17999267578125,18063600,155.8319854736328
AVGO,2024-08-29,158.49000549316406,163.1999969482422,155.41000366210938,156.92999267578125,23519300,154.60052490234375
AVGO,2024-08-30,161.1199951171875,163.24000549316406,158.7100067138672,162.82000732421875,25158500,160.40310668945312
AVGO,2024-09-03,160.3800048828125,160.74000549316406,151.3800048828125,152.7899932861328,37179100,150.52198791503906
AVGO,2024-09-04,150.3000030517578,157.7899932861328,149.14999389648438,154.1199951171875,20324100,151.83226013183594
AVGO,2024-09-05,150.57000732421875,156.36000061035156,150.11000061035156,152.82000732421875,31548500,150.55157470703125
AVGO,2024-09-06,143.25,143.5,136.60000610351562,137,76634600,134.9663848876953
AVGO,2024-09-09,139.11000061035156,141.58999633789062,134.89999389648438,140.82000732421875,39516700,138.72967529296875
AVGO,2024-09-10,141.22000122070312,149.86000061035156,141.0399932861328,148.2100067138672,36067500,146.00999450683594
AVGO,2024-09-11,148.38999938964844,158.8699951171875,145.0399932861328,158.27000427246094,39700800,155.920654296875
AVGO,2024-09-12,158.10000610351562,166.32000732421875,156.8300018310547,164.55999755859375,43530700,162.11729431152344
AVGO,2024-09-13,166.74000549316406,168.0800018310547,164.0399932861328,167.69000244140625,29850000,165.20083618164062
AVGO,2024-09-16,165.19000244140625,165.5,160.41000366210938,164.02000427246094,26126900,161.5853271484375
AVGO,2024-09-17,165.49000549316406,166.02000427246094,160.6999969482422,162.47000122070312,19844300,160.05831909179688
AVGO,2024-09-18,163.77000427246094,167.47000122070312,161.36000061035156,161.6699981689453,26557600,159.2701873779297
AVGO,2024-09-19,167.67999267578125,170,165.66000366210938,167.4199981689453,32453100,165.477294921875
AVGO,2024-09-20,167.17999267578125,172.02000427246094,166.47000122070312,171.10000610351562,91758500,169.11460876464844
AVGO,2024-09-23,172,173.32000732421875,168.35000610351562,172.94000244140625,29431100,170.9332733154297
AVGO,2024-09-24,172.80999755859375,175.99000549316406,171.67999267578125,174.83999633789062,34223400,172.8112030029297
AVGO,2024-09-25,174.64999389648438,177.13999938964844,173.75999450683594,175.52000427246094,16613800,173.48330688476562
AVGO,2024-09-26,178.5,180.25,175,178.08999633789062,24340000,176.02346801757812
AVGO,2024-09-27,178.1699981689453,178.47000122070312,171.75999450683594,172.69000244140625,20580900,170.6861572265625
AVGO,2024-09-30,171.8699951171875,172.9199981689453,169.6300048828125,172.5,16902000,170.49835205078125
AVGO,2024-10-01,172.16000366210938,172.25,165.8000030517578,167.47000122070312,23770400,165.5267333984375
AVGO,2024-10-02,167.5500030517578,172.83999633789062,167.02000427246094,170.66000366210938,14317800,168.67971801757812
AVGO,2024-10-03,169.6199951171875,174.94000244140625,169.19000244140625,171.88999938964844,13072300,169.8954315185547
AVGO,2024-10-04,176.3000030517578,176.89999389648438,172.60000610351562,176.63999938964844,17921400,174.59031677246094
AVGO,2024-10-07,174.82000732421875,178.30999755859375,173.86000061035156,175.0800018310547,15588300,173.04843139648438
AVGO,2024-10-08,175.4199981689453,181.60000610351562,174.88999938964844,180.72999572753906,20774200,178.6328582763672
AVGO,2024-10-09,179.24000549316406,186.4199981689453,176.4199981689453,185.9499969482422,25504100,183.7922821044922
AVGO,2024-10-10,183.55999755859375,186.30999755859375,182.52999877929688,185.69000244140625,16318000,183.53530883789062
AVGO,2024-10-11,181.13999938964844,182.58999633789062,177.39999389648438,181.47999572753906,23070000,179.37416076660156
AVGO,2024-10-14,183.3000030517578,184.9499969482422,180.1300048828125,182.30999755859375,17195800,180.19451904296875
AVGO,2024-10-15,180.7899932861328,181.6999969482422,173.3699951171875,175.97999572753906,27657500,173.93797302246094
AVGO,2024-10-16,178.50999450683594,179.25,175.3300018310547,176.82000732421875,15285100,174.76824951171875
AVGO,2024-10-17,181.3699951171875,185.50999450683594,180.69000244140625,181.52999877929688,25232400,179.423583984375
AVGO,2024-10-18,182.32000732421875,182.7100067138672,178.67999267578125,179.88999938964844,17835200,177.8026123046875
AVGO,2024-10-21,179.3800048828125,181.72000122070312,178.25,179.99000549316406,13695100,177.90145874023438
AVGO,2024-10-22,178.66000366210938,180.69000244140625,177.41000366210938,179.3800048828125,12062600,177.29852294921875
AVGO,2024-10-23,177.58999633789062,178.97999572753906,172.57000732421875,173.50999450683594,19513700,171.4966278076172
AVGO,2024-10-24,174.25999450683594,174.3000030517578,169.5,171.35000610351562,20485200,169.36172485351562
AVGO,2024-10-25,174.19000244140625,176.8000030517578,172.72000122070312,173,19977700,170.99256896972656
AVGO,2024-10-28,173,173.97000122070312,171.35000610351562,172.02000427246094,13195800,170.02395629882812
AVGO,2024-10-29,172.44000244140625,180.22999572753906,171.2100067138672,179.24000549316406,23702300,177.16015625
AVGO,2024-10-30,177.47000122070312,179.19000244140625,175.6199951171875,176.63999938964844,17911500,174.59031677246094
AVGO,2024-10-31,174.4499969482422,174.4499969482422,167.3800048828125,169.77000427246094,26086600,167.800048828125
AVGO,2024-11-01,168.25999450683594,171.3300018310547,167.5,168.9199981689453,17847000,166.95989990234375
AVGO,2024-11-04,169.27999877929688,172.4499969482422,168.4199981689453,168.5500030517578,13621300,166.59420776367188
AVGO,2024-11-05,170.0500030517578,174.39999389648438,170.0500030517578,173.89999389648438,13441800,171.88209533691406
AVGO,2024-11-06,179.6300048828125,180.2100067138672,175.9600067138672,179.5500030517578,24300800,177.46656799316406
AVGO,2024-11-07,181.99000549316406,184.8699951171875,181.7899932861328,183.80999755859375,18970600,181.6771240234375
AVGO,2024-11-08,182.99000549316406,185.0500030517578,181.8300018310547,183.63999938964844,13503200,181.5091094970703
AVGO,2024-11-11,183.39999389648438,183.6300048828125,176.82000732421875,178.91000366210938,17036700,176.833984375
AVGO,2024-11-12,178.89999389648438,179.55999755859375,173.1999969482422,176.22000122070312,15862000,174.1752166748047
AVGO,2024-11-13,174.7100067138672,175.58999633789062,172.60000610351562,173.5800018310547,17472500,171.56582641601562
AVGO,2024-11-14,174.77000427246094,175.57000732421875,169.8699951171875,170.3800048828125,20638900,168.4029541015625
AVGO,2024-11-15,168.47000122070312,169.13999938964844,163.42999267578125,164.83999633789062,20836200,162.92723083496094
AVGO,2024-11-18,165.66000366210938,166.35000610351562,162.22000122070312,165.6699981689453,17856900,163.74761962890625
AVGO,2024-11-19,166.66000366210938,166.8000030517578,164.30999755859375,165.35000610351562,18003400,163.43133544921875
AVGO,2024-11-20,165.5399932861328,165.5399932861328,160.86000061035156,163.25,17196700,161.35569763183594
AVGO,2024-11-21,166.25,166.33999633789062,160.60000610351562,163.94000244140625,24835300,162.03768920898438
AVGO,2024-11-22,164.3000030517578,164.91000366210938,162.39999389648438,164.22999572753906,17332500,162.3243408203125
AVGO,2024-11-25,165.39999389648438,167.22999572753906,162.88999938964844,164.82000732421875,26850600,162.907470703125
AVGO,2024-11-26,164.60000610351562,166.3699951171875,162.69000244140625,164.74000549316406,16308800,162.82839965820312
AVGO,2024-11-27,163.1999969482422,163.1999969482422,157.5399932861328,159.6699981689453,19722700,157.8172149658203
AVGO,2024-11-29,159.57000732421875,162.69000244140625,159.0800018310547,162.0800018310547,11024000,160.19927978515625
AVGO,2024-12-02,162.9499969482422,168.3800048828125,162.75,166.50999450683594,21472400,164.57786560058594
AVGO,2024-12-03,164.47999572753906,168.27000427246094,164.02999877929688,168.14999389648438,17024400,166.19883728027344
AVGO,2024-12-04,173.44000244140625,175.38999938964844,168.55999755859375,170.55999755859375,32748200,168.5808563232422
AVGO,2024-12-05,170.75,172.39999389648438,169.1999969482422,170.47000122070312,18490000,168.49191284179688
AVGO,2024-12-06,170.10000610351562,180.67999267578125,169.3300018310547,179.52999877929688,27830800,177.44677734375
AVGO,2024-12-09,178.9499969482422,180.7899932861328,176.02000427246094,178.94000244140625,20886300,176.8636474609375
AVGO,2024-12-10,177.80999755859375,178.5,169.72999572753906,171.80999755859375,27762600,169.8163604736328
AVGO,2024-12-11,180.00999450683594,184.8699951171875,176.42999267578125,183.1999969482422,41295200,181.0741729736328
AVGO,2024-12-12,180.92999267578125,182,175.99000549316406,180.66000366210938,46967200,178.5636749267578
AVGO,2024-12-13,213.89999389648438,228.6999969482422,211.11000061035156,224.8000030517578,121336600,222.1914825439453
AVGO,2024-12-16,231.7899932861328,251.8800048828125,230.80999755859375,250,111623200,247.09909057617188
AVGO,2024-12-17,240.64999389648438,242.47000122070312,233.8000030517578,240.22999572753906,70382100,237.4424285888672
AVGO,2024-12-18,239.41000366210938,239.85000610351562,219.22000122070312,223.6199951171875,53960100,221.02517700195312
AVGO,2024-12-19,227.91000366210938,228.0500030517578,217.5800018310547,218.32000732421875,40845200,215.7866973876953
AVGO,2024-12-20,220.36000061035156,230.2899932861328,218.91000366210938,220.7899932861328,131910400,218.22801208496094
AVGO,2024-12-23,226.69000244140625,233.39999389648438,225.1300048828125,232.35000610351562,40643800,230.2692108154297
AVGO,2024-12-24,240.1199951171875,240.22999572753906,234.8000030517578,239.67999267578125,22827200,237.53355407714844
AVGO,2024-12-26,240,247.27999877929688,237.60000610351562,245.36000061035156,28459000,243.16268920898438
AVGO,2024-12-27,245.63999938964844,245.77999877929688,236.35000610351562,241.75,29282200,239.58502197265625
AVGO,2024-12-30,234.6999969482422,238.77000427246094,231.6199951171875,235.5800018310547,27316800,233.47027587890625
AVGO,2024-12-31,235.8800048828125,237.4600067138672,231.30999755859375,231.83999633789062,17927700,229.76377868652344
AVGO,2025-01-02,236.16000366210938,239.5,230.24000549316406,231.97999572753906,31525800,229.9025115966797
AVGO,2025-01-03,233.58999633789062,236.49000549316406,229,232.5500030517578,24973200,230.46742248535156
AVGO,2025-01-06,236.5,241.75,233.3000030517578,236.41000366210938,34028400,234.29286193847656
AVGO,2025-01-07,239.5,239.5,227.60000610351562,228.63999938964844,25928600,226.59243774414062
AVGO,2025-01-08,229.6999969482422,232.47000122070312,226.05999755859375,229.30999755859375,18756500,227.25643920898438
AVGO,2025-01-10,227.3000030517578,227.8300018310547,221.25,224.30999755859375,23864000,222.3011932373047
AVGO,2025-01-13,219.99000549316406,229.25999450683594,219.50999450683594,225.2899932861328,23772100,223.2724151611328
AVGO,2025-01-14,226.57000732421875,230.25999450683594,223.10000610351562,224.6999969482422,18143100,222.68771362304688
AVGO,2025-01-15,228.5500030517578,230.33999633789062,225.5800018310547,228,21745600,225.9581756591797
AVGO,2025-01-16,235.22000122070312,238.60000610351562,229.2100067138672,229.41000366210938,23471900,227.3555450439453
AVGO,2025-01-17,237.0800018310547,238.10000610351562,232.66000366210938,237.44000244140625,31196600,235.31362915039062
AVGO,2025-01-21,241.5,242.75,237.39999389648438,240.30999755859375,30903200,238.15792846679688
AVGO,2025-01-22,246.75,246.99000549316406,240.69000244140625,240.91000366210938,29610500,238.75254821777344
AVGO,2025-01-23,238.41000366210938,240.39999389648438,236.1199951171875,240.27999877929688,17653900,238.12818908691406
AVGO,2025-01-24,244.6999969482422,249.58999633789062,241.91000366210938,244.6999969482422,25387800,242.5085906982422
AVGO,2025-01-27,213.39999389648438,218.42999267578125,196.22999572753906,202.1300048828125,90569400,200.31983947753906
AVGO,2025-01-28,208.00999450683594,209.9499969482422,198.88999938964844,207.36000061035156,50316000,205.5030059814453
AVGO,2025-01-29,208.83999633789062,211.4499969482422,202.77000427246094,206.35000610351562,32533700,204.50204467773438
AVGO,2025-01-30,218.57000732421875,221.9600067138672,213.6999969482422,215.66000366210938,42449500,213.7286834716797
AVGO,2025-01-31,219.66000366210938,226.8000030517578,216.3000030517578,221.27000427246094,41104700,219.28843688964844
AVGO,2025-02-03,215.4600067138672,220.94000244140625,213.50999450683594,217.72999572753906,24507300,215.78013610839844
AVGO,2025-02-04,219.35000610351562,223.02999877929688,215.3000030517578,222.42999267578125,23768500,220.4380340576172
AVGO,2025-02-05,233.94000244140625,237.92999267578125,227.5,232,29196000,229.92233276367188
AVGO,2025-02-06,234.5,234.8000030517578,228.55999755859375,231.36000061035156,21169500,229.28807067871094
AVGO,2025-02-07,235,235.64999389648438,224.11000061035156,224.8699951171875,22117500,222.85618591308594
AVGO,2025-02-10,227.42999267578125,235.82000732421875,227.1199951171875,235.0399932861328,23901600,232.93508911132812
AVGO,2025-02-11,232.47999572753906,237.88999938964844,229.97000122070312,235.0399932861328,18476200,232.93508911132812
AVGO,2025-02-12,230.36000061035156,236.47999572753906,230,236.35000610351562,16397300,234.23338317871094
AVGO,2025-02-13,236.05999755859375,236.9499969482422,230.72999572753906,235.8000030517578,20962000,233.6883087158203
AVGO,2025-02-14,234.52999877929688,235.74000549316406,228.89999389648438,233.0399932861328,16988800,230.95301818847656
AVGO,2025-02-18,230.10000610351562,232.1999969482422,224.3000030517578,228.52999877929688,26080500,226.48341369628906
AVGO,2025-02-19,227.85000610351562,229.07000732421875,224.39999389648438,228.72999572753906,16375500,226.68162536621094
AVGO,2025-02-20,228.64999389648438,228.97999572753906,222.75,226.74000549316406,16104000,224.70945739746094
AVGO,2025-02-21,225.64999389648438,227.75,215.6300048828125,218.66000366210938,24883600,216.7018280029297
AVGO,2025-02-24,218.60000610351562,219.47999572753906,207.5399932861328,207.92999267578125,33050400,206.06788635253906
AVGO,2025-02-25,207,208.63999938964844,200.9199981689453,202.5399932861328,33100800,200.72616577148438
AVGO,2025-02-26,206.91000366210938,213.5399932861328,206,212.94000244140625,21368300,211.0330352783203
AVGO,2025-02-27,217.27999877929688,219.25,197.39999389648438,197.8000030517578,27572900,196.0286102294922
AVGO,2025-02-28,195.75999450683594,201.19000244140625,193.14999389648438,199.42999267578125,39747200,197.6439971923828
AVGO,2025-03-03,204,204.05999755859375,184.52999877929688,187.3699951171875,37435600,185.6920166015625
AVGO,2025-03-04,189.22000122070312,193.9499969482422,180.47999572753906,187.47999572753906,37910500,185.801025390625
AVGO,2025-03-05,191.86000061035156,194.0800018310547,187.10000610351562,191.5800018310547,25644500,189.86431884765625
AVGO,2025-03-06,181.0399932861328,186.8300018310547,177.61000061035156,179.4499969482422,56864100,177.84295654296875
AVGO,2025-03-07,187.72999572753906,195.47999572753906,181.55999755859375,194.9600067138672,74528900,193.2140655517578
AVGO,2025-03-10,189.60000610351562,191.97999572753906,180.42999267578125,184.4499969482422,44217100,182.79815673828125
AVGO,2025-03-11,188.0500030517578,195.6199951171875,185.35000610351562,190.08999633789062,42153200,188.38766479492188
AVGO,2025-03-12,196.22000122070312,199.97999572753906,192.4499969482422,194.22999572753906,30409700,192.49058532714844
AVGO,2025-03-13,193.14999389648438,196.32000732421875,189.47000122070312,191.36000061035156,27236100,189.6462860107422
AVGO,2025-03-14,196.1999969482422,197.5,193.1999969482422,195.5399932861328,25900900,193.78884887695312
AVGO,2025-03-17,188.0500030517578,196.72000122070312,187.5,194.5,26830600,192.75816345214844
AVGO,2025-03-18,190.44000244140625,192.88999938964844,186.89999389648438,188.6699981689453,24951000,186.98036193847656
AVGO,2025-03-19,189.33999633789062,198.27000427246094,186.89999389648438,195.57000732421875,37962700,193.81858825683594
AVGO,2025-03-20,191.52000427246094,193.83999633789062,188.94000244140625,190.5399932861328,31430000,189.405029296875
AVGO,2025-03-21,188.2100067138672,192.07000732421875,187.3699951171875,191.66000366210938,43086500,190.51837158203125
AVGO,2025-03-24,194.3000030517578,196.69000244140625,190.6699981689453,191.25,33180300,190.11080932617188
AVGO,2025-03-25,190.88999938964844,191.60000610351562,187.67999267578125,188.25999450683594,23417300,187.13861083984375
AVGO,2025-03-26,186.66000366210938,188.05999755859375,177.5800018310547,179.27000427246094,30578500,178.20216369628906
AVGO,2025-03-27,177.66000366210938,178.3800048828125,170.4600067138672,171.99000549316406,32151700,170.96554565429688
AVGO,2025-03-28,171.92999267578125,173.3000030517578,166.47000122070312,169.1199951171875,30391500,168.1126251220703
AVGO,2025-03-31,164.49000549316406,167.94000244140625,160.6199951171875,167.42999267578125,35656400,166.43267822265625
AVGO,2025-04-01,166.3699951171875,168.7100067138672,163.4199981689453,168.52000427246094,20472400,167.51620483398438
AVGO,2025-04-02,166.0800018310547,173.42999267578125,165.5,172.08999633789062,19523700,171.06492614746094
AVGO,2025-04-03,160.5399932861328,163.42999267578125,153.6999969482422,154.00999450683594,44354900,153.09262084960938
AVGO,2025-04-04,148.1699981689453,152.8000030517578,139.1699981689453,146.2899932861328,72302200,145.41860961914062
AVGO,2025-04-07,144.49000549316406,160.42999267578125,138.10000610351562,154.13999938964844,68503500,153.22186279296875
AVGO,2025-04-08,167.6199951171875,169.77999877929688,153.08999633789062,156.02999877929688,58888200,155.10060119628906
AVGO,2025-04-09,160.5,187.3300018310547,157.50999450683594,185.14999389648438,72708300,184.04713439941406
AVGO,2025-04-10,175.3000030517578,176.9499969482422,166.39999389648438,172.3000030517578,51212200,171.273681640625
AVGO,2025-04-11,173.6199951171875,182.66000366210938,173.30999755859375,181.94000244140625,33964100,180.85626220703125
AVGO,2025-04-14,185.0800018310547,186,175.82000732421875,178.36000061035156,25748300,177.29759216308594
AVGO,2025-04-15,179.72999572753906,182.25999450683594,178.0800018310547,178.9499969482422,17242400,177.88406372070312
AVGO,2025-04-16,170.42999267578125,176.0800018310547,166.9199981689453,174.61000061035156,34638600,173.56991577148438
AVGO,2025-04-17,176.25,176.25,169.9199981689453,170.99000549316406,22501800,169.9714813232422
AVGO,2025-04-21,166.99000549316406,168,161.61000061035156,166.2100067138672,23469800,165.219970703125
AVGO,2025-04-22,167.42999267578125,170.52000427246094,165.22000122070312,169.5800018310547,18504900,168.56988525390625
AVGO,2025-04-23,177.77999877929688,180.4499969482422,175.82000732421875,176.91000366210938,24380500,175.85621643066406
AVGO,2025-04-24,179.69000244140625,188.57000732421875,178.3000030517578,188.14999389648438,27576900,187.02926635742188
AVGO,2025-04-25,186.9199981689453,193.3699951171875,186.88999938964844,192.30999755859375,21242300,191.16448974609375
AVGO,2025-04-28,190.52999877929688,193.10000610351562,187.67999267578125,192.47000122070312,16385800,191.3235321044922
AVGO,2025-04-29,191.72000122070312,193.25,190.10000610351562,191.1699981689453,14630000,190.03128051757812
AVGO,2025-04-30,185.89999389648438,193.1999969482422,184.02000427246094,192.47000122070312,22768900,191.3235321044922
AVGO,2025-05-01,198.13999938964844,201.39999389648438,196.24000549316406,197.3300018310547,24939700,196.15460205078125
AVGO,2025-05-02,203.89999389648438,205.67999267578125,201.0800018310547,203.63999938964844,17766800,202.427001953125
AVGO,2025-05-05,200.25,203.22999572753906,200,200.72000122070312,14025400,199.52439880371094
AVGO,2025-05-06,196.44000244140625,201.91000366210938,195.94000244140625,200.08999633789062,16348800,198.8981475830078
AVGO,2025-05-07,199.2899932861328,206.22999572753906,198.42999267578125,204.80999755859375,20253700,203.5900421142578
AVGO,2025-05-08,208,211.16000366210938,203.69000244140625,207.77000427246094,18460900,206.53240966796875
AVGO,2025-05-09,209.3300018310547,209.9600067138672,206.52000427246094,208.1999969482422,13289200,206.9598388671875
AVGO,2025-05-12,219.49000549316406,221.8000030517578,215.8800048828125,221.5800018310547,25437700,220.2601318359375
AVGO,2025-05-13,222,235.27999877929688,222,232.4199981689453,28790500,231.0355682373047
AVGO,2025-05-14,230.22999572753906,233.5,228.35000610351562,232.1199951171875,19751400,230.73736572265625
AVGO,2025-05-15,230.16000366210938,234.4600067138672,228.07000732421875,232.63999938964844,18803700,231.2542724609375
AVGO,2025-05-16,232.32000732421875,232.63999938964844,226.38999938964844,228.61000061035156,23094600,227.24826049804688
AVGO,2025-05-19,221.85000610351562,231.25,221.60000610351562,230.6300048828125,15355500,229.25624084472656
AVGO,2025-05-20,226.49000549316406,231.77000427246094,226.33999633789062,231.67999267578125,11787200,230.2999725341797
AVGO,2025-05-21,228.38999938964844,236.5,227.8300018310547,229.72999572753906,17642900,228.36158752441406
AVGO,2025-05-22,228.33999633789062,233.69000244140625,227.42999267578125,230.52999877929688,14340200,229.15682983398438
AVGO,2025-05-23,226.94000244140625,230.64999389648438,226.17999267578125,228.72000122070312,15385600,227.35760498046875
AVGO,2025-05-27,232.8699951171875,236.47999572753906,231.1300048828125,235.64999389648438,17941700,234.246337890625
AVGO,2025-05-28,237.14999389648438,240.99000549316406,234.42999267578125,239.42999267578125,20443000,238.00379943847656
AVGO,2025-05-29,245.91000366210938,246.07000732421875,237.39999389648438,241.97000122070312,20743700,240.52870178222656
AVGO,2025-05-30,241.22000122070312,243.1699981689453,234.89999389648438,242.07000732421875,27088600,240.62808227539062
AVGO,2025-06-02,243.25,250,243.19000244140625,248.7100067138672,19197000,247.22854614257812
AVGO,2025-06-03,250.0800018310547,257.8800048828125,249.39999389648438,256.8500061035156,30380200,255.32005310058594
AVGO,2025-06-04,258.05999755859375,265.42999267578125,257.5899963378906,261.0799865722656,31536000,259.5248107910156
AVGO,2025-06-05,262.95001220703125,264.8900146484375,259.05999755859375,259.92999267578125,41970900,258.3817138671875
AVGO,2025-06-06,251.13999938964844,255.32000732421875,246.1300048828125,246.92999267578125,41146700,245.45913696289062
AVGO,2025-06-09,245.0500030517578,248.1699981689453,241.11000061035156,244.27999877929688,25334100,242.82493591308594
AVGO,2025-06-10,244.22000122070312,246.27999877929688,241.39999389648438,244.6300048828125,25491300,243.1728515625
AVGO,2025-06-11,246.36000061035156,254.77000427246094,243.8000030517578,252.91000366210938,24599000,251.4035186767578
AVGO,2025-06-12,250.19000244140625,257.8900146484375,249.5,256.07000732421875,20410900,254.54470825195312
AVGO,2025-06-13,250.66000366210938,254,248.35000610351562,248.6999969482422,19028400,247.21859741210938
AVGO,2025-06-16,250.35000610351562,255.19000244140625,249.57000732421875,252.10000610351562,20363000,250.59835815429688
AVGO,2025-06-17,250.9499969482422,253.9600067138672,247.9199981689453,249.3699951171875,22014300,247.8845977783203
AVGO,2025-06-18,250.88999938964844,255.63999938964844,249.41000366210938,251.25999450683594,30435500,249.7633514404297
AVGO,2025-06-20,253.2100067138672,253.52000427246094,244.1699981689453,249.99000549316406,42134900,249.08583068847656
AVGO,2025-06-23,249.11000061035156,254.2100067138672,246.4600067138672,253.77000427246094,19747000,252.85214233398438
AVGO,2025-06-24,258.7699890136719,265.8699951171875,258.7699890136719,263.7699890136719,32764900,262.81597900390625
AVGO,2025-06-25,266,269.8699951171875,263.42999267578125,264.6499938964844,18894200,263.6927795410156
AVGO,2025-06-26,265.0799865722656,271.6700134277344,264.1300048828125,270.1700134277344,23569600,269.1928405761719
AVGO,2025-06-27,270.29998779296875,271.8500061035156,266.8800048828125,269.3500061035156,27477600,268.37579345703125
AVGO,2025-06-30,274.7300109863281,277.7099914550781,272.1300048828125,275.6499938964844,24708400,274.65301513671875
AVGO,2025-07-01,274.3999938964844,274.5,262.6600036621094,264.739990234375,28847600,263.7824401855469
AVGO,2025-07-02,263.989990234375,272,262.7300109863281,269.8999938964844,17582100,268.9237976074219
AVGO,2025-07-03,270.7300109863281,275.79998779296875,270.1199951171875,275.17999267578125,10592700,274.1846923828125
AVGO,2025-07-07,275.1300048828125,277.55999755859375,272.6600036621094,274.17999267578125,16760600,273.1883239746094
AVGO,2025-07-08,276.3500061035156,276.3500061035156,271.1499938964844,271.79998779296875,14869400,270.81689453125
AVGO,2025-07-09,272.9599914550781,279.45001220703125,272.7200012207031,277.8999938964844,20133000,276.8948669433594
AVGO,2025-07-10,279.7900085449219,281.17999267578125,272.70001220703125,275.3999938964844,17891600,274.4039001464844
AVGO,2025-07-11,274.1400146484375,276.4700012207031,271.8900146484375,274.3800048828125,14274700,273.3876037597656
AVGO,2025-07-14,274.1300048828125,278.3599853515625,269.5799865722656,275.6000061035156,11934200,274.6031799316406
AVGO,2025-07-15,279.80999755859375,283.3599853515625,277.8500061035156,280.94000244140625,17918400,279.9238586425781
AVGO,2025-07-16,280.1099853515625,281.510009765625,275.6700134277344,280.80999755859375,15031000,279.7943115234375
AVGO,2025-07-17,281.1400146484375,288.2799987792969,279.9100036621094,286.45001220703125,17231100,285.4139404296875
AVGO,2025-07-18,287.1099853515625,287.5299987792969,281,283.3399963378906,15012400,282.315185546875
AVGO,2025-07-21,283.9599914550781,290.5400085449219,283.6300048828125,288.2099914550781,17726800,287.1675720214844
AVGO,2025-07-22,287.6499938964844,288,276.42999267578125,278.5899963378906,16564800,277.5823669433594
AVGO,2025-07-23,276.7799987792969,284,273,283.69000244140625,20556200,282.6639404296875
AVGO,2025-07-24,289.7900085449219,291.20001220703125,283.5,288.7099914550781,16413800,287.665771484375
AVGO,2025-07-25,288.07000732421875,292.5899963378906,287.2699890136719,290.17999267578125,12476200,289.13043212890625
AVGO,2025-07-28,292.4599914550781,295.45001220703125,290.5899963378906,294.29998779296875,13683400,293.23553466796875
AVGO,2025-07-29,297.5,302.19000244140625,294.8699951171875,297.4200134277344,19210800,296.34429931640625
AVGO,2025-07-30,297.1499938964844,303.260009765625,295.79998779296875,302.6199951171875,16738900,301.52545166015625
AVGO,2025-07-31,302.79998779296875,306.95001220703125,290.2300109863281,293.70001220703125,25488500,292.6377258300781
AVGO,2025-08-01,286.5400085449219,292.6400146484375,281.6099853515625,288.6400146484375,21428100,287.5960388183594
AVGO,2025-08-04,292.20001220703125,298.4800109863281,291.3999938964844,297.7200012207031,17164600,296.6431884765625
AVGO,2025-08-05,297.80999755859375,301.20001220703125,291.45001220703125,292.92999267578125,18477500,291.8704833984375
AVGO,2025-08-06,292.8999938964844,302.80999755859375,291.8999938964844,301.6700134277344,17392100,300.5788879394531
AVGO,2025-08-07,306.1700134277344,310.3399963378906,299.8800048828125,303.760009765625,16319400,302.6613464355469
AVGO,2025-08-08,304.04998779296875,307.8699951171875,302.54998779296875,304.9700012207031,12458700,303.866943359375
AVGO,2025-08-11,305.04998779296875,308.30999755859375,301.2900085449219,303.8999938964844,12396400,302.8008117675781
AVGO,2025-08-12,306.6300048828125,313.44000244140625,304.6700134277344,312.8299865722656,17609600,311.6985168457031
AVGO,2025-08-13,316.75,317.3500061035156,304.75,309.0899963378906,17371200,307.9720458984375
AVGO,2025-08-14,307.010009765625,314.1700134277344,307,311.2300109863281,15717600,310.1043395996094
AVGO,2025-08-15,311.0299987792969,311.5,299.760009765625,306.3399963378906,22806900,305.2320251464844
AVGO,2025-08-18,302.70001220703125,306.1700134277344,299,305.760009765625,14724700,304.65411376953125
AVGO,2025-08-19,302.4200134277344,302.8999938964844,292.3900146484375,294.9100036621094,20149600,293.8433532714844
AVGO,2025-08-20,295.4599914550781,295.489990234375,281.8699951171875,291.1700134277344,23600500,290.11688232421875
AVGO,2025-08-21,290.05999755859375,292.3900146484375,286.1700134277344,289.6000061035156,14946300,288.55255126953125
AVGO,2025-08-22,291.75,300.0899963378906,289.010009765625,294,16301300,292.9366149902344
AVGO,2025-08-25,292.80999755859375,298.3999938964844,291.7099914550781,294.2300109863281,15124700,293.1658020019531
AVGO,2025-08-26,294.3500061035156,300.25,293.989990234375,298.010009765625,25689100,296.93212890625
AVGO,2025-08-27,297.5299987792969,301.17999267578125,293.7799987792969,300.25,13830300,299.1640319824219
AVGO,2025-08-28,302.92999267578125,311,302.3299865722656,308.6499938964844,18907100,307.53363037109375
AVGO,2025-08-29,307.010009765625,307.010009765625,293.6600036621094,297.3900146484375,21610700,296.31439208984375
AVGO,2025-09-02,289.3399963378906,298.7099914550781,287.1700134277344,298.239990234375,19693000,297.16131591796875
AVGO,2025-09-03,302.2900085449219,304.45001220703125,296.3999938964844,302.3900146484375,18529400,301.2962951660156
AVGO,2025-09-04,305.05999755859375,308.7799987792969,302.25,306.1000061035156,31220800,304.9928894042969
AVGO,2025-09-05,355.7799987792969,356.3399963378906,331.4200134277344,334.8900146484375,78401600,333.6787414550781
AVGO,2025-09-08,342.75,354.1700134277344,341.25,345.6499938964844,43535600,344.3998107910156
AVGO,2025-09-09,349.54998779296875,350.9800109863281,335.8299865722656,336.6700134277344,26972300,335.45233154296875
AVGO,2025-09-10,351.5199890136719,372.9700012207031,350.54998779296875,369.57000732421875,51086800,368.23333740234375
AVGO,2025-09-11,371.17999267578125,374.2300109863281,358.760009765625,359.6300048828125,29430900,358.32928466796875
AVGO,2025-09-12,362.9100036621094,364.3900146484375,357.1600036621094,359.8699951171875,31949800,358.5683898925781
AVGO,2025-09-15,359.8699951171875,365.5,356.3399963378906,364.0899963378906,21792200,362.77313232421875
AVGO,2025-09-16,365.42999267578125,365.69000244140625,356.989990234375,360,21306500,358.6979064941406
AVGO,2025-09-17,358.8500061035156,359.92999267578125,341.5,346.1700134277344,45197100,344.9179382324219
AVGO,2025-09-18,350,350.70001220703125,343.7900085449219,345.3500061035156,24663900,344.1009216308594
AVGO,2025-09-19,344.6499938964844,346.2699890136719,336.42999267578125,344.94000244140625,41240100,343.6923828125
AVGO,2025-09-22,342.42999267578125,346.6700134277344,337.94000244140625,338.7900085449219,28660000,338.14300537109375
AVGO,2025-09-23,340.239990234375,345.2200012207031,337.0199890136719,338.94000244140625,21944100,338.292724609375
AVGO,2025-09-24,339.760009765625,340.0799865722656,333.80999755859375,339.30999755859375,19677300,338.6620178222656
AVGO,2025-09-25,332.989990234375,338.05999755859375,327.29998779296875,336.1000061035156,21678200,335.4581298828125
AVGO,2025-09-26,337.42999267578125,339.0799865722656,330.5799865722656,334.5299987792969,15464700,333.8911437988281
AVGO,2025-09-29,336,341.04998779296875,327.54998779296875,327.8999938964844,21336000,327.2738037109375
AVGO,2025-09-30,330.1199951171875,331.04998779296875,324.6099853515625,329.9100036621094,20109500,329.27996826171875
AVGO,2025-10-01,328.1499938964844,337.95001220703125,324.5,333.3900146484375,21122700,332.7533264160156
AVGO,2025-10-02,347.6099853515625,347.6099853515625,335.25,338.17999267578125,19917600,337.5341491699219
AVGO,2025-10-03,341.5,344.3999938964844,335.739990234375,338.3699951171875,14749100,337.7237854003906
AVGO,2025-10-06,335.9200134277344,344.1300048828125,334.55999755859375,335.489990234375,18465700,334.84930419921875
AVGO,2025-10-07,337.0299987792969,338.1099853515625,326.5799865722656,336.4100036621094,18086700,335.7675476074219
AVGO,2025-10-08,333.82000732421875,346.5400085449219,332.6199951171875,345.5,21478300,344.8401794433594
AVGO,2025-10-09,345.75,347.30999755859375,340.3999938964844,345.0199890136719,17643700,344.361083984375
AVGO,2025-10-10,345.3900146484375,350.6000061035156,324.04998779296875,324.6300048828125,28941000,324.0100402832031
AVGO,2025-10-13,352.7699890136719,359.3800048828125,343.5199890136719,356.70001220703125,45984300,356.018798828125
AVGO,2025-10-14,350.1300048828125,350.6700134277344,339.6499938964844,344.1300048828125,22078000,343.4728088378906
AVGO,2025-10-15,354.4700012207031,359.3999938964844,347.5,351.3299865722656,23918500,350.6590270996094
AVGO,2025-10-16,356.79998779296875,363.239990234375,349.489990234375,354.1499938964844,20317200,353.4736633300781
AVGO,2025-10-17,349.6099853515625,350.9700012207031,340.7799987792969,349.3299865722656,20937900,348.6628723144531
AVGO,2025-10-20,353.79998779296875,356.5899963378906,347.8399963378906,349.239990234375,15640200,348.5730285644531
AVGO,2025-10-21,350,351.1000061035156,341.30999755859375,342.6600036621094,16092600,342.005615234375
AVGO,2025-10-22,347.29998779296875,348.010009765625,335.510009765625,340.29998779296875,19268800,339.6501159667969
AVGO,2025-10-23,340.3999938964844,346.57000732421875,340.3999938964844,344.2900085449219,12859200,343.63250732421875
AVGO,2025-10-24,352.510009765625,358.29998779296875,350.8800048828125,354.1300048828125,16143700,353.4537048339844
AVGO,2025-10-27,361.5400085449219,362.75,355.0799865722656,362.04998779296875,20065800,361.35858154296875
AVGO,2025-10-28,362.6199951171875,374.05999755859375,362.5299987792969,372.9700012207031,21056000,372.2577209472656
AVGO,2025-10-29,373.19000244140625,386.4800109863281,373.19000244140625,385.9800109863281,24975200,385.2428894042969
AVGO,2025-10-30,386.3999938964844,386.3999938964844,370.05999755859375,376.4700012207031,24295300,375.75103759765625
AVGO,2025-10-31,378.2699890136719,378.82000732421875,365.1000061035156,369.6300048828125,21598400,368.9241027832031
AVGO,2025-11-03,372,374.8500061035156,361.9800109863281,362.54998779296875,17198900,361.85760498046875
AVGO,2025-11-04,358.5199890136719,368.95001220703125,351,351.94000244140625,24047500,351.26788330078125
AVGO,2025-11-05,350.8900146484375,364.8699951171875,350.0899963378906,358.9800109863281,17087600,358.2944641113281
AVGO,2025-11-06,360.1099853515625,363.5,352.7099914550781,355.5899963378906,19896900,354.9109191894531
AVGO,2025-11-07,354.19000244140625,354.5,337.2699890136719,349.42999267578125,21903200,348.7626647949219
AVGO,2025-11-10,357.8999938964844,360,354.6099853515625,358.3900146484375,16409000,357.7055969238281
AVGO,2025-11-11,358.9700012207031,361.8900146484375,349.6700134277344,351.9599914550781,16446800,351.287841796875
AVGO,2025-11-12,358.0400085449219,358.8699951171875,351.67999267578125,355.2200012207031,12190500,354.5416259765625
AVGO,2025-11-13,351.5799865722656,353.54998779296875,334.1600036621094,339.9800109863281,22616600,339.33074951171875
AVGO,2025-11-14,331.4700012207031,344.739990234375,329.05999755859375,342.4599914550781,18500800,341.80596923828125
AVGO,2025-11-17,339.82000732421875,352.20001220703125,337.5199890136719,342.6499938964844,14799600,341.9956359863281
AVGO,2025-11-18,343.20001220703125,347.9700012207031,335.510009765625,340.5,21726800,339.8497314453125
AVGO,2025-11-19,340.7099914550781,359.69000244140625,337.79998779296875,354.4200134277344,21851900,353.7431640625
AVGO,2025-11-20,366,376.0799865722656,345.17999267578125,346.82000732421875,28867000,346.1576843261719
AVGO,2025-11-21,345.1600036621094,348.6000061035156,331.79998779296875,340.20001220703125,30280300,339.5503234863281
AVGO,2025-11-24,347.7300109863281,382,347.6600036621094,377.9599914550781,47262400,377.2381896972656
AVGO,2025-11-25,384.92999267578125,388.1300048828125,371.75,385.0299987792969,33507600,384.2947082519531
AVGO,2025-11-26,385.54998779296875,399.8699951171875,383.260009765625,397.57000732421875,28693000,396.8107604980469
AVGO,2025-11-28,399.3500061035156,403,397.1600036621094,402.9599914550781,13365500,402.1904602050781
AVGO,2025-12-01,394.8500061035156,395.4200134277344,385.1000061035156,386.0799865722656,23252000,385.3426818847656
AVGO,2025-12-02,388.30999755859375,393.5,379.7900085449219,381.57000732421875,22207000,380.84130859375
AVGO,2025-12-03,380,382.29998779296875,370.6499938964844,380.6099853515625,21336400,379.88311767578125
AVGO,2025-12-04,380.67999267578125,383.8900146484375,376.5299987792969,381.0299987792969,15845900,380.3023376464844
AVGO,2025-12-05,386.1700134277344,393.5299987792969,385.1499938964844,390.239990234375,24779900,389.4947509765625
AVGO,2025-12-08,402.4800109863281,407.2900085449219,397.3999938964844,401.1000061035156,30410600,400.3340148925781
AVGO,2025-12-09,398.75,406.92999267578125,395.510009765625,406.2900085449219,24546000,405.51409912109375
AVGO,2025-12-10,402.20001220703125,414.6099853515625,399.55999755859375,412.9700012207031,31531000,412.18133544921875
AVGO,2025-12-11,404.8299865722656,409.29998779296875,394.19000244140625,406.3699951171875,45681600,405.59393310546875
AVGO,2025-12-12,379.9599914550781,382,355.1499938964844,359.92999267578125,95588500,359.24261474609375
AVGO,2025-12-15,361.8900146484375,362,337.510009765625,339.80999755859375,65894900,339.1610412597656
AVGO,2025-12-16,336.0199890136719,347.5,335.05999755859375,341.29998779296875,58061100,340.648193359375
AVGO,2025-12-17,346.6099853515625,346.6099853515625,321.4200134277344,326.0199890136719,73300900,325.3973693847656
AVGO,2025-12-18,336,336.0299987792969,323.6300048828125,329.8800048828125,54501900,329.2500305175781
AVGO,2025-12-19,333.3399963378906,343.45001220703125,332.5799865722656,340.3599853515625,159095200,339.7099914550781
AVGO,2025-12-22,346.0299987792969,346.239990234375,337.2200012207031,341.45001220703125,28739600,341.45001220703125
AVGO,2025-12-23,340.80999755859375,350.1099853515625,338.5400085449219,349.32000732421875,28232600,349.32000732421875
AVGO,2025-12-24,350.69000244140625,352.8599853515625,347.1400146484375,350.2200012207031,11424400,350.2200012207031
AVGO,2025-12-26,351.05999755859375,353.25,347.75,352.1300048828125,15028100,352.1300048828125
AVGO,2025-12-29,348.7200012207031,350.3299865722656,344.69000244140625,349.3900146484375,21946900,349.3900146484375
AVGO,2025-12-30,349.9700012207031,352.67999267578125,349.29998779296875,349.8500061035156,16633600,349.8500061035156
AVGO,2025-12-31,349.7300109863281,349.8800048828125,345.4200134277344,346.1000061035156,15346100,346.1000061035156
AVGO,2026-01-02,352.7799987792969,360.6600036621094,345.55999755859375,347.6199951171875,25398600,347.6199951171875
AVGO,2026-01-05,354.739990234375,355.0299987792969,336.5,343.4200134277344,31136000,343.4200134277344
AVGO,2026-01-06,343.6000061035156,349.04998779296875,338,343.7699890136719,27135500,343.7699890136719
AVGO,2026-01-07,341.70001220703125,349.70001220703125,335.8800048828125,343.5,20249300,343.5
AVGO,2026-01-08,342.7799987792969,343.67999267578125,330.5,332.4800109863281,24385200,332.4800109863281
AVGO,2026-01-09,337.9200134277344,347.3900146484375,333.5,344.9700012207031,22482500,344.9700012207031
AVGO,2026-01-12,340.95001220703125,353.8999938964844,340.95001220703125,352.2099914550781,20949600,352.2099914550781
AVGO,2026-01-13,352.8800048828125,359.489990234375,350.9100036621094,354.6099853515625,18308000,354.6099853515625
AVGO,2026-01-14,348.9700012207031,350.69000244140625,334.4200134277344,339.8900146484375,30094700,339.8900146484375
^GSPC,2022-01-03,4778.14013671875,4796.64013671875,4758.169921875,4796.56005859375,3831020000,4796.56005859375
^GSPC,2022-01-04,4804.509765625,4818.6201171875,4774.27001953125,4793.5400390625,4683170000,4793.5400390625
^GSPC,2022-01-05,4787.990234375,4797.7001953125,4699.43994140625,4700.580078125,4887960000,4700.580078125
^GSPC,2022-01-06,4693.39013671875,4725.009765625,4671.259765625,4696.0498046875,4295280000,4696.0498046875
^GSPC,2022-01-07,4697.66015625,4707.9501953125,4662.740234375,4677.02978515625,4181510000,4677.02978515625
^GSPC,2022-01-10,4655.33984375,4673.02001953125,4582.240234375,4670.2900390625,4511810000,4670.2900390625
^GSPC,2022-01-11,4669.14013671875,4714.1298828125,4638.27001953125,4713.06982421875,4101590000,4713.06982421875
^GSPC,2022-01-12,4728.58984375,4748.830078125,4706.7099609375,4726.35009765625,4048220000,4726.35009765625
^GSPC,2022-01-13,4733.56005859375,4744.1298828125,4650.2900390625,4659.02978515625,4251730000,4659.02978515625
^GSPC,2022-01-14,4637.990234375,4665.1298828125,4614.75,4662.85009765625,4338490000,4662.85009765625
^GSPC,2022-01-18,4632.240234375,4632.240234375,4568.7001953125,4577.10986328125,4748700000,4577.10986328125
^GSPC,2022-01-19,4588.02978515625,4611.5498046875,4530.2001953125,4532.759765625,4465740000,4532.759765625
^GSPC,2022-01-20,4547.35009765625,4602.10986328125,4477.9501953125,4482.72998046875,4640870000,4482.72998046875
^GSPC,2022-01-21,4471.3798828125,4494.52001953125,4395.33984375,4397.93994140625,5589100000,4397.93994140625
^GSPC,2022-01-24,4356.31982421875,4417.35009765625,4222.6201171875,4410.1298828125,6928110000,4410.1298828125
^GSPC,2022-01-25,4366.64013671875,4411.009765625,4287.10986328125,4356.4501953125,5145050000,4356.4501953125
^GSPC,2022-01-26,4408.43017578125,4453.22998046875,4304.7998046875,4349.93017578125,5570640000,4349.93017578125
^GSPC,2022-01-27,4380.580078125,4428.740234375,4309.5,4326.509765625,5214200000,4326.509765625
^GSPC,2022-01-28,4336.18994140625,4432.72021484375,4292.4599609375,4431.85009765625,5031090000,4431.85009765625
^GSPC,2022-01-31,4431.7900390625,4516.89013671875,4414.02001953125,4515.5498046875,5098610000,4515.5498046875
^GSPC,2022-02-01,4519.56982421875,4550.490234375,4483.52978515625,4546.5400390625,4816830000,4546.5400390625
^GSPC,2022-02-02,4566.39013671875,4595.31005859375,4544.31982421875,4589.3798828125,4481580000,4589.3798828125
^GSPC,2022-02-03,4535.41015625,4542.8798828125,4470.39013671875,4477.43994140625,4401970000,4477.43994140625
^GSPC,2022-02-04,4482.7900390625,4539.66015625,4451.5,4500.52978515625,4706290000,4500.52978515625
^GSPC,2022-02-07,4505.75,4521.85986328125,4471.47021484375,4483.8701171875,4228480000,4483.8701171875
^GSPC,2022-02-08,4480.02001953125,4531.31982421875,4465.39990234375,4521.5400390625,4459620000,4521.5400390625
^GSPC,2022-02-09,4547,4590.02978515625,4547,4587.18017578125,4524350000,4587.18017578125
^GSPC,2022-02-10,4553.240234375,4588.919921875,4484.31005859375,4504.080078125,5314860000,4504.080078125
^GSPC,2022-02-11,4506.27001953125,4526.330078125,4401.41015625,4418.64013671875,5251500000,4418.64013671875
^GSPC,2022-02-14,4412.60986328125,4426.22021484375,4364.83984375,4401.669921875,4600390000,4401.669921875
^GSPC,2022-02-15,4429.27978515625,4472.77001953125,4429.27978515625,4471.06982421875,4430830000,4471.06982421875
^GSPC,2022-02-16,4455.75,4489.5498046875,4429.68017578125,4475.009765625,4283640000,4475.009765625
^GSPC,2022-02-17,4456.06005859375,4456.06005859375,4373.81005859375,4380.259765625,4539420000,4380.259765625
^GSPC,2022-02-18,4384.56982421875,4394.60009765625,4327.22021484375,4348.8701171875,4708060000,4348.8701171875
^GSPC,2022-02-22,4332.740234375,4362.1201171875,4267.10986328125,4304.759765625,5121900000,4304.759765625
^GSPC,2022-02-23,4324.93017578125,4341.509765625,4221.509765625,4225.5,4797430000,4225.5
^GSPC,2022-02-24,4155.77001953125,4294.72998046875,4114.64990234375,4288.7001953125,6752130000,4288.7001953125
^GSPC,2022-02-25,4298.3798828125,4385.33984375,4286.830078125,4384.64990234375,5177060000,4384.64990234375
^GSPC,2022-02-28,4354.169921875,4388.83984375,4315.1201171875,4373.93994140625,6071370000,4373.93994140625
^GSPC,2022-03-01,4363.14013671875,4378.4501953125,4279.5400390625,4306.259765625,5846230000,4306.259765625
^GSPC,2022-03-02,4322.56005859375,4401.47998046875,4322.56005859375,4386.5400390625,5337870000,4386.5400390625
^GSPC,2022-03-03,4401.31005859375,4416.77978515625,4345.56005859375,4363.490234375,5039890000,4363.490234375
^GSPC,2022-03-04,4342.1201171875,4342.1201171875,4284.97998046875,4328.8701171875,5797380000,4328.8701171875
^GSPC,2022-03-07,4327.009765625,4327.009765625,4199.85009765625,4201.08984375,6940470000,4201.08984375
^GSPC,2022-03-08,4202.66015625,4276.93994140625,4157.8701171875,4170.7001953125,7243120000,4170.7001953125
^GSPC,2022-03-09,4223.10009765625,4299.39990234375,4223.10009765625,4277.8798828125,5662670000,4277.8798828125
^GSPC,2022-03-10,4252.5498046875,4268.27978515625,4209.7998046875,4259.52001953125,4980830000,4259.52001953125
^GSPC,2022-03-11,4279.5,4291.009765625,4200.490234375,4204.31005859375,4938640000,4204.31005859375
^GSPC,2022-03-14,4202.75,4247.56982421875,4161.72021484375,4173.10986328125,5574920000,4173.10986328125
^GSPC,2022-03-15,4188.81982421875,4271.0498046875,4187.89990234375,4262.4501953125,5392470000,4262.4501953125
^GSPC,2022-03-16,4288.14013671875,4358.89990234375,4251.990234375,4357.85986328125,6309750000,4357.85986328125
^GSPC,2022-03-17,4345.10986328125,4412.669921875,4335.64990234375,4411.669921875,4985090000,4411.669921875
^GSPC,2022-03-18,4407.33984375,4465.39990234375,4390.56982421875,4463.1201171875,8278430000,4463.1201171875
^GSPC,2022-03-21,4462.39990234375,4481.75,4424.2998046875,4461.18017578125,4869820000,4461.18017578125
^GSPC,2022-03-22,4469.10009765625,4522,4469.10009765625,4511.60986328125,4754840000,4511.60986328125
^GSPC,2022-03-23,4493.10009765625,4501.06982421875,4455.81005859375,4456.240234375,4550670000,4456.240234375
^GSPC,2022-03-24,4469.97998046875,4520.580078125,4465.169921875,4520.16015625,4131390000,4520.16015625
^GSPC,2022-03-25,4522.91015625,4546.02978515625,4501.06982421875,4543.06005859375,4305020000,4543.06005859375
^GSPC,2022-03-28,4541.08984375,4575.64990234375,4517.68994140625,4575.52001953125,4312260000,4575.52001953125
^GSPC,2022-03-29,4602.85986328125,4637.2998046875,4589.66015625,4631.60009765625,5085910000,4631.60009765625
^GSPC,2022-03-30,4624.2001953125,4627.77001953125,4581.31982421875,4602.4501953125,4385570000,4602.4501953125
^GSPC,2022-03-31,4599.02001953125,4603.06982421875,4530.41015625,4530.41015625,4823020000,4530.41015625
^GSPC,2022-04-01,4540.31982421875,4548.7001953125,4507.56982421875,4545.85986328125,4562940000,4545.85986328125
^GSPC,2022-04-04,4547.97021484375,4583.5,4539.2099609375,4582.64013671875,4547350000,4582.64013671875
^GSPC,2022-04-05,4572.4501953125,4593.4501953125,4514.169921875,4525.1201171875,4800620000,4525.1201171875
^GSPC,2022-04-06,4494.169921875,4503.93994140625,4450.0400390625,4481.14990234375,4986830000,4481.14990234375
^GSPC,2022-04-07,4474.64990234375,4521.16015625,4450.2998046875,4500.2099609375,4821490000,4500.2099609375
^GSPC,2022-04-08,4494.14990234375,4520.41015625,4474.60009765625,4488.27978515625,4083200000,4488.27978515625
^GSPC,2022-04-11,4462.64013671875,4464.35009765625,4408.3798828125,4412.52978515625,4266290000,4412.52978515625
^GSPC,2022-04-12,4437.58984375,4471,4381.33984375,4397.4501953125,4152090000,4397.4501953125
^GSPC,2022-04-13,4394.2998046875,4453.919921875,4392.7001953125,4446.58984375,3828150000,4446.58984375
^GSPC,2022-04-14,4449.1201171875,4460.4599609375,4390.77001953125,4392.58984375,4083090000,4392.58984375
^GSPC,2022-04-18,4385.6298828125,4410.31005859375,4370.2998046875,4391.68994140625,3910490000,4391.68994140625
^GSPC,2022-04-19,4390.6298828125,4471.02978515625,4390.6298828125,4462.2099609375,4108120000,4462.2099609375
^GSPC,2022-04-20,4472.259765625,4488.2900390625,4448.759765625,4459.4501953125,4290450000,4459.4501953125
^GSPC,2022-04-21,4489.169921875,4512.93994140625,4384.47021484375,4393.66015625,4636890000,4393.66015625
^GSPC,2022-04-22,4385.830078125,4385.830078125,4267.6201171875,4271.77978515625,4651940000,4271.77978515625
^GSPC,2022-04-25,4255.33984375,4299.02001953125,4200.81982421875,4296.1201171875,5240040000,4296.1201171875
^GSPC,2022-04-26,4278.14013671875,4278.14013671875,4175.0400390625,4175.2001953125,4689970000,4175.2001953125
^GSPC,2022-04-27,4186.52001953125,4240.7099609375,4162.89990234375,4183.9599609375,4769680000,4183.9599609375
^GSPC,2022-04-28,4222.580078125,4308.4501953125,4188.6298828125,4287.5,4854180000,4287.5
^GSPC,2022-04-29,4253.75,4269.68017578125,4124.27978515625,4131.93017578125,5084030000,4131.93017578125
^GSPC,2022-05-02,4130.60986328125,4169.81005859375,4062.510009765625,4155.3798828125,5163790000,4155.3798828125
^GSPC,2022-05-03,4159.77978515625,4200.10009765625,4147.080078125,4175.47998046875,4582050000,4175.47998046875
^GSPC,2022-05-04,4181.18017578125,4307.66015625,4148.91015625,4300.169921875,5136360000,4300.169921875
^GSPC,2022-05-05,4270.43017578125,4270.43017578125,4106.009765625,4146.8701171875,5077030000,4146.8701171875
^GSPC,2022-05-06,4128.169921875,4157.68994140625,4067.909912109375,4123.33984375,5116940000,4123.33984375
^GSPC,2022-05-09,4081.27001953125,4081.27001953125,3975.47998046875,3991.239990234375,5954520000,3991.239990234375
^GSPC,2022-05-10,4035.179931640625,4068.820068359375,3958.169921875,4001.050048828125,5885820000,4001.050048828125
^GSPC,2022-05-11,3990.080078125,4049.090087890625,3928.820068359375,3935.179931640625,5816140000,3935.179931640625
^GSPC,2022-05-12,3903.949951171875,3964.800048828125,3858.8701171875,3930.080078125,6286450000,3930.080078125
^GSPC,2022-05-13,3963.89990234375,4038.8798828125,3963.89990234375,4023.889892578125,5183340000,4023.889892578125
^GSPC,2022-05-16,4013.02001953125,4046.4599609375,3983.989990234375,4008.010009765625,4415030000,4008.010009765625
^GSPC,2022-05-17,4052,4090.719970703125,4033.929931640625,4088.85009765625,4841410000,4088.85009765625
^GSPC,2022-05-18,4051.97998046875,4051.97998046875,3911.909912109375,3923.679931640625,5103220000,3923.679931640625
^GSPC,2022-05-19,3899,3945.9599609375,3876.580078125,3900.7900390625,5113550000,3900.7900390625
^GSPC,2022-05-20,3927.760009765625,3943.419921875,3810.320068359375,3901.360107421875,5130730000,3901.360107421875
^GSPC,2022-05-23,3919.419921875,3981.8798828125,3909.0400390625,3973.75,4420030000,3973.75
^GSPC,2022-05-24,3942.93994140625,3955.679931640625,3875.1298828125,3941.47998046875,4923190000,3941.47998046875
^GSPC,2022-05-25,3929.590087890625,3999.330078125,3925.030029296875,3978.72998046875,4802560000,3978.72998046875
^GSPC,2022-05-26,3984.60009765625,4075.139892578125,3984.60009765625,4057.840087890625,4709970000,4057.840087890625
^GSPC,2022-05-27,4077.429931640625,4158.490234375,4077.429931640625,4158.240234375,4375620000,4158.240234375
^GSPC,2022-05-31,4151.08984375,4168.33984375,4104.8798828125,4132.14990234375,6822640000,4132.14990234375
^GSPC,2022-06-01,4149.77978515625,4166.5400390625,4073.85009765625,4101.22998046875,4531800000,4101.22998046875
^GSPC,2022-06-02,4095.409912109375,4177.509765625,4074.3701171875,4176.81982421875,4405790000,4176.81982421875
^GSPC,2022-06-03,4137.56982421875,4142.669921875,4098.669921875,4108.5400390625,3711110000,4108.5400390625
^GSPC,2022-06-06,4134.72021484375,4168.77978515625,4109.18017578125,4121.43017578125,4332700000,4121.43017578125
^GSPC,2022-06-07,4096.47021484375,4164.85986328125,4080.18994140625,4160.68017578125,4248210000,4160.68017578125
^GSPC,2022-06-08,4147.1201171875,4160.14013671875,4107.2001953125,4115.77001953125,4159470000,4115.77001953125
^GSPC,2022-06-09,4101.64990234375,4119.10009765625,4017.169921875,4017.820068359375,4134170000,4017.820068359375
^GSPC,2022-06-10,3974.389892578125,3974.389892578125,3900.159912109375,3900.860107421875,4889640000,3900.860107421875
^GSPC,2022-06-13,3838.14990234375,3838.14990234375,3734.300048828125,3749.6298828125,5636890000,3749.6298828125
^GSPC,2022-06-14,3763.52001953125,3778.179931640625,3705.679931640625,3735.47998046875,5153890000,3735.47998046875
^GSPC,2022-06-15,3764.050048828125,3837.56005859375,3722.300048828125,3789.989990234375,5530480000,3789.989990234375
^GSPC,2022-06-16,3728.179931640625,3728.179931640625,3639.77001953125,3666.77001953125,5644930000,3666.77001953125
^GSPC,2022-06-17,3665.89990234375,3707.7099609375,3636.8701171875,3674.840087890625,8520740000,3674.840087890625
^GSPC,2022-06-21,3715.31005859375,3779.64990234375,3715.31005859375,3764.7900390625,5292260000,3764.7900390625
^GSPC,2022-06-22,3733.889892578125,3801.7900390625,3717.68994140625,3759.889892578125,5058990000,3759.889892578125
^GSPC,2022-06-23,3774.7099609375,3802.580078125,3743.52001953125,3795.72998046875,5098640000,3795.72998046875
^GSPC,2022-06-24,3821.75,3913.64990234375,3821.75,3911.739990234375,8120260000,3911.739990234375
^GSPC,2022-06-27,3920.760009765625,3927.719970703125,3889.659912109375,3900.110107421875,4325310000,3900.110107421875
^GSPC,2022-06-28,3913,3945.860107421875,3820.139892578125,3821.550048828125,4270120000,3821.550048828125
^GSPC,2022-06-29,3825.090087890625,3836.5,3799.02001953125,3818.830078125,4211240000,3818.830078125
^GSPC,2022-06-30,3785.989990234375,3818.989990234375,3738.669921875,3785.3798828125,4840070000,3785.3798828125
^GSPC,2022-07-01,3781,3829.820068359375,3752.10009765625,3825.330078125,4046950000,3825.330078125
^GSPC,2022-07-05,3792.610107421875,3832.18994140625,3742.06005859375,3831.389892578125,5076590000,3831.389892578125
^GSPC,2022-07-06,3831.97998046875,3870.909912109375,3809.3701171875,3845.080078125,4417720000,3845.080078125
^GSPC,2022-07-07,3858.85009765625,3910.6298828125,3858.85009765625,3902.6201171875,4057770000,3902.6201171875
^GSPC,2022-07-08,3888.260009765625,3918.5,3869.340087890625,3899.3798828125,3521620000,3899.3798828125
^GSPC,2022-07-11,3880.93994140625,3880.93994140625,3847.219970703125,3854.429931640625,3423480000,3854.429931640625
^GSPC,2022-07-12,3851.949951171875,3873.409912109375,3802.360107421875,3818.800048828125,3817210000,3818.800048828125
^GSPC,2022-07-13,3779.669921875,3829.43994140625,3759.070068359375,3801.780029296875,4109390000,3801.780029296875
^GSPC,2022-07-14,3763.989990234375,3796.409912109375,3721.56005859375,3790.3798828125,4199690000,3790.3798828125
^GSPC,2022-07-15,3818,3863.6201171875,3817.179931640625,3863.159912109375,4143800000,3863.159912109375
^GSPC,2022-07-18,3883.7900390625,3902.43994140625,3818.6298828125,3830.85009765625,4046870000,3830.85009765625
^GSPC,2022-07-19,3860.72998046875,3939.81005859375,3860.72998046875,3936.68994140625,4041070000,3936.68994140625
^GSPC,2022-07-20,3935.320068359375,3974.1298828125,3922.030029296875,3959.89990234375,4185300000,3959.89990234375
^GSPC,2022-07-21,3955.469970703125,3999.2900390625,3927.639892578125,3998.949951171875,4132790000,3998.949951171875
^GSPC,2022-07-22,3998.429931640625,4012.43994140625,3938.860107421875,3961.6298828125,3979240000,3961.6298828125
^GSPC,2022-07-25,3965.719970703125,3975.300048828125,3943.4599609375,3966.840087890625,3568340000,3966.840087890625
^GSPC,2022-07-26,3953.219970703125,3953.219970703125,3910.739990234375,3921.050048828125,3778950000,3921.050048828125
^GSPC,2022-07-27,3951.429931640625,4039.56005859375,3951.429931640625,4023.610107421875,4112180000,4023.610107421875
^GSPC,2022-07-28,4026.1298828125,4078.949951171875,3992.969970703125,4072.429931640625,4413000000,4072.429931640625
^GSPC,2022-07-29,4087.330078125,4140.14990234375,4079.219970703125,4130.2900390625,4616360000,4130.2900390625
^GSPC,2022-08-01,4112.3798828125,4144.9501953125,4096.02001953125,4118.6298828125,4202810000,4118.6298828125
^GSPC,2022-08-02,4104.2099609375,4140.47021484375,4079.81005859375,4091.18994140625,4727710000,4091.18994140625
^GSPC,2022-08-03,4107.9599609375,4167.66015625,4107.9599609375,4155.169921875,4351760000,4155.169921875
^GSPC,2022-08-04,4154.85009765625,4161.2900390625,4135.419921875,4151.93994140625,4283320000,4151.93994140625
^GSPC,2022-08-05,4115.8701171875,4151.580078125,4107.31005859375,4145.18994140625,4085940000,4145.18994140625
^GSPC,2022-08-08,4155.93017578125,4186.6201171875,4128.97021484375,4140.06005859375,4221090000,4140.06005859375
^GSPC,2022-08-09,4133.10986328125,4137.2998046875,4112.08984375,4122.47021484375,3913090000,4122.47021484375
^GSPC,2022-08-10,4181.02001953125,4211.02978515625,4177.259765625,4210.240234375,4546010000,4210.240234375
^GSPC,2022-08-11,4227.39990234375,4257.91015625,4201.41015625,4207.27001953125,4630200000,4207.27001953125
^GSPC,2022-08-12,4225.02001953125,4280.47021484375,4219.77978515625,4280.14990234375,3788010000,4280.14990234375
^GSPC,2022-08-15,4269.3701171875,4301.7900390625,4256.89990234375,4297.14013671875,3696830000,4297.14013671875
^GSPC,2022-08-16,4290.4599609375,4325.27978515625,4277.77001953125,4305.2001953125,4329820000,4305.2001953125
^GSPC,2022-08-17,4280.39990234375,4302.18017578125,4253.080078125,4274.0400390625,3885030000,4274.0400390625
^GSPC,2022-08-18,4273.1298828125,4292.52978515625,4261.97998046875,4283.740234375,3340330000,4283.740234375
^GSPC,2022-08-19,4266.31005859375,4266.31005859375,4218.7001953125,4228.47998046875,3761340000,4228.47998046875
^GSPC,2022-08-22,4195.080078125,4195.080078125,4129.85986328125,4137.990234375,3907430000,4137.990234375
^GSPC,2022-08-23,4133.08984375,4159.77001953125,4124.02978515625,4128.72998046875,3823520000,4128.72998046875
^GSPC,2022-08-24,4126.5498046875,4156.56005859375,4119.97021484375,4140.77001953125,3583630000,4140.77001953125
^GSPC,2022-08-25,4153.259765625,4200.5400390625,4147.58984375,4199.1201171875,3566870000,4199.1201171875
^GSPC,2022-08-26,4198.740234375,4203.0400390625,4057.659912109375,4057.659912109375,3832750000,4057.659912109375
^GSPC,2022-08-29,4034.580078125,4062.989990234375,4017.419921875,4030.610107421875,3396510000,4030.610107421875
^GSPC,2022-08-30,4041.25,4044.97998046875,3965.2099609375,3986.159912109375,3835860000,3986.159912109375
^GSPC,2022-08-31,4000.669921875,4015.3701171875,3954.530029296875,3955,4542490000,3955
^GSPC,2022-09-01,3936.72998046875,3970.22998046875,3903.64990234375,3966.85009765625,4152250000,3966.85009765625
^GSPC,2022-09-02,3994.659912109375,4018.429931640625,3906.2099609375,3924.260009765625,3665850000,3924.260009765625
^GSPC,2022-09-06,3930.889892578125,3942.550048828125,3886.75,3908.18994140625,4127340000,3908.18994140625
^GSPC,2022-09-07,3909.429931640625,3987.889892578125,3906.030029296875,3979.8701171875,3890320000,3979.8701171875
^GSPC,2022-09-08,3959.93994140625,4010.5,3944.81005859375,4006.179931640625,3966850000,4006.179931640625
^GSPC,2022-09-09,4022.93994140625,4076.81005859375,4022.93994140625,4067.360107421875,3901940000,4067.360107421875
^GSPC,2022-09-12,4083.669921875,4119.27978515625,4083.669921875,4110.41015625,3814200000,4110.41015625
^GSPC,2022-09-13,4037.1201171875,4037.1201171875,3921.280029296875,3932.68994140625,4224550000,3932.68994140625
^GSPC,2022-09-14,3940.72998046875,3961.93994140625,3912.179931640625,3946.010009765625,4293240000,3946.010009765625
^GSPC,2022-09-15,3932.409912109375,3959.139892578125,3888.280029296875,3901.35009765625,4441830000,3901.35009765625
^GSPC,2022-09-16,3880.949951171875,3880.949951171875,3837.080078125,3873.330078125,7954650000,3873.330078125
^GSPC,2022-09-19,3849.909912109375,3900.449951171875,3838.5,3899.889892578125,3766850000,3899.889892578125
^GSPC,2022-09-20,3875.22998046875,3876.010009765625,3827.5400390625,3855.929931640625,4058050000,3855.929931640625
^GSPC,2022-09-21,3871.39990234375,3907.070068359375,3789.489990234375,3789.929931640625,4078330000,3789.929931640625
^GSPC,2022-09-22,3782.360107421875,3790.89990234375,3749.449951171875,3757.989990234375,4284600000,3757.989990234375
^GSPC,2022-09-23,3727.139892578125,3727.139892578125,3647.469970703125,3693.22998046875,5144270000,3693.22998046875
^GSPC,2022-09-26,3682.719970703125,3715.669921875,3644.760009765625,3655.0400390625,4886140000,3655.0400390625
^GSPC,2022-09-27,3686.43994140625,3717.530029296875,3623.2900390625,3647.2900390625,4577740000,3647.2900390625
^GSPC,2022-09-28,3651.93994140625,3736.739990234375,3640.610107421875,3719.0400390625,4684850000,3719.0400390625
^GSPC,2022-09-29,3687.010009765625,3687.010009765625,3610.39990234375,3640.469970703125,4681810000,3640.469970703125
^GSPC,2022-09-30,3633.47998046875,3671.43994140625,3584.1298828125,3585.6201171875,5645360000,3585.6201171875
^GSPC,2022-10-03,3609.780029296875,3698.35009765625,3604.929931640625,3678.429931640625,4806680000,3678.429931640625
^GSPC,2022-10-04,3726.4599609375,3791.919921875,3726.4599609375,3790.929931640625,5146580000,3790.929931640625
^GSPC,2022-10-05,3753.25,3806.909912109375,3722.659912109375,3783.280029296875,4293180000,3783.280029296875
^GSPC,2022-10-06,3771.969970703125,3797.929931640625,3739.219970703125,3744.52001953125,4252100000,3744.52001953125
^GSPC,2022-10-07,3706.739990234375,3706.739990234375,3620.72998046875,3639.659912109375,4449660000,3639.659912109375
^GSPC,2022-10-10,3647.510009765625,3652.169921875,3588.10009765625,3612.389892578125,3834320000,3612.389892578125
^GSPC,2022-10-11,3595.860107421875,3640.659912109375,3568.449951171875,3588.840087890625,4759030000,3588.840087890625
^GSPC,2022-10-12,3590.830078125,3608.340087890625,3573.860107421875,3577.030029296875,4006830000,3577.030029296875
^GSPC,2022-10-13,3520.3701171875,3685.409912109375,3491.580078125,3669.909912109375,5021680000,3669.909912109375
^GSPC,2022-10-14,3690.409912109375,3712,3579.679931640625,3583.070068359375,4243030000,3583.070068359375
^GSPC,2022-10-17,3638.64990234375,3689.72998046875,3638.64990234375,3677.949951171875,4352780000,3677.949951171875
^GSPC,2022-10-18,3746.260009765625,3762.7900390625,3686.530029296875,3719.97998046875,4483740000,3719.97998046875
^GSPC,2022-10-19,3703.110107421875,3728.580078125,3666.510009765625,3695.159912109375,4223800000,3695.159912109375
^GSPC,2022-10-20,3689.050048828125,3736,3656.43994140625,3665.780029296875,4496620000,3665.780029296875
^GSPC,2022-10-21,3657.10009765625,3757.889892578125,3647.419921875,3752.75,5078020000,3752.75
^GSPC,2022-10-24,3762.010009765625,3810.739990234375,3741.64990234375,3797.340087890625,4747930000,3797.340087890625
^GSPC,2022-10-25,3799.43994140625,3862.85009765625,3799.43994140625,3859.110107421875,4843120000,3859.110107421875
^GSPC,2022-10-26,3825.969970703125,3886.14990234375,3824.070068359375,3830.60009765625,4817310000,3830.60009765625
^GSPC,2022-10-27,3834.68994140625,3859.949951171875,3803.7900390625,3807.300048828125,4687320000,3807.300048828125
^GSPC,2022-10-28,3808.260009765625,3905.419921875,3808.260009765625,3901.06005859375,4459410000,3901.06005859375
^GSPC,2022-10-31,3881.85009765625,3893.72998046875,3863.179931640625,3871.97998046875,4820620000,3871.97998046875
^GSPC,2022-11-01,3901.7900390625,3911.7900390625,3843.800048828125,3856.10009765625,4481210000,3856.10009765625
^GSPC,2022-11-02,3852.89990234375,3894.43994140625,3758.679931640625,3759.68994140625,4899000000,3759.68994140625
^GSPC,2022-11-03,3733.25,3750.590087890625,3698.14990234375,3719.889892578125,4625290000,3719.889892578125
^GSPC,2022-11-04,3766.97998046875,3796.340087890625,3708.840087890625,3770.550048828125,5400180000,3770.550048828125
^GSPC,2022-11-07,3780.7099609375,3813.949951171875,3764.699951171875,3806.800048828125,4341620000,3806.800048828125
^GSPC,2022-11-08,3817.02001953125,3859.39990234375,3786.280029296875,3828.110107421875,4607640000,3828.110107421875
^GSPC,2022-11-09,3810.93994140625,3818.199951171875,3744.219970703125,3748.570068359375,4645010000,3748.570068359375
^GSPC,2022-11-10,3859.889892578125,3958.330078125,3859.889892578125,3956.3701171875,5781260000,3956.3701171875
^GSPC,2022-11-11,3963.719970703125,4001.47998046875,3944.820068359375,3992.929931640625,5593310000,3992.929931640625
^GSPC,2022-11-14,3977.969970703125,4008.969970703125,3956.39990234375,3957.25,4561930000,3957.25
^GSPC,2022-11-15,4006.409912109375,4028.840087890625,3953.169921875,3991.72998046875,5015310000,3991.72998046875
^GSPC,2022-11-16,3976.820068359375,3983.090087890625,3954.340087890625,3958.7900390625,4165320000,3958.7900390625
^GSPC,2022-11-17,3919.260009765625,3954.330078125,3906.5400390625,3946.56005859375,4051780000,3946.56005859375
^GSPC,2022-11-18,3966.389892578125,3979.889892578125,3935.97998046875,3965.340087890625,4037360000,3965.340087890625
^GSPC,2022-11-21,3956.22998046875,3962,3933.340087890625,3949.93994140625,3850690000,3949.93994140625
^GSPC,2022-11-22,3965.510009765625,4005.8798828125,3956.8798828125,4003.580078125,3887990000,4003.580078125
^GSPC,2022-11-23,4000.300048828125,4033.780029296875,3998.659912109375,4027.260009765625,3279720000,4027.260009765625
^GSPC,2022-11-25,4023.340087890625,4034.02001953125,4020.760009765625,4026.1201171875,1706460000,4026.1201171875
^GSPC,2022-11-28,4005.360107421875,4012.27001953125,3955.77001953125,3963.93994140625,3615430000,3963.93994140625
^GSPC,2022-11-29,3964.18994140625,3976.77001953125,3937.64990234375,3957.6298828125,3546040000,3957.6298828125
^GSPC,2022-11-30,3957.179931640625,4080.110107421875,3938.580078125,4080.110107421875,6579360000,4080.110107421875
^GSPC,2022-12-01,4087.139892578125,4100.509765625,4050.8701171875,4076.570068359375,4527130000,4076.570068359375
^GSPC,2022-12-02,4040.169921875,4080.47998046875,4026.6298828125,4071.699951171875,4012620000,4071.699951171875
^GSPC,2022-12-05,4052.02001953125,4052.449951171875,3984.489990234375,3998.840087890625,4280820000,3998.840087890625
^GSPC,2022-12-06,3996.6298828125,4001.510009765625,3918.389892578125,3941.260009765625,4368380000,3941.260009765625
^GSPC,2022-12-07,3933.280029296875,3957.570068359375,3922.679931640625,3933.919921875,4118050000,3933.919921875
^GSPC,2022-12-08,3947.7900390625,3974.18994140625,3935.830078125,3963.510009765625,4006900000,3963.510009765625
^GSPC,2022-12-09,3954.169921875,3977.02001953125,3933.0400390625,3934.3798828125,3888260000,3934.3798828125
^GSPC,2022-12-12,3939.2900390625,3990.7099609375,3935.300048828125,3990.56005859375,3904130000,3990.56005859375
^GSPC,2022-12-13,4069.3798828125,4100.9599609375,3993.030029296875,4019.64990234375,5079360000,4019.64990234375
^GSPC,2022-12-14,4015.5400390625,4053.760009765625,3965.64990234375,3995.320068359375,4472340000,3995.320068359375
^GSPC,2022-12-15,3958.3701171875,3958.3701171875,3879.449951171875,3895.75,4493900000,3895.75
^GSPC,2022-12-16,3890.909912109375,3890.909912109375,3827.909912109375,3852.360107421875,7493660000,3852.360107421875
^GSPC,2022-12-19,3853.7900390625,3854.860107421875,3800.0400390625,3817.659912109375,3969610000,3817.659912109375
^GSPC,2022-12-20,3810.469970703125,3838.239990234375,3795.6201171875,3821.6201171875,3985370000,3821.6201171875
^GSPC,2022-12-21,3839.489990234375,3889.820068359375,3839.489990234375,3878.43994140625,3775200000,3878.43994140625
^GSPC,2022-12-22,3853.260009765625,3853.260009765625,3764.489990234375,3822.389892578125,3956950000,3822.389892578125
^GSPC,2022-12-23,3815.110107421875,3845.800048828125,3797.010009765625,3844.820068359375,2819280000,3844.820068359375
^GSPC,2022-12-27,3843.340087890625,3846.64990234375,3813.219970703125,3829.25,3030300000,3829.25
^GSPC,2022-12-28,3829.56005859375,3848.320068359375,3780.780029296875,3783.219970703125,3083520000,3783.219970703125
^GSPC,2022-12-29,3805.449951171875,3858.18994140625,3805.449951171875,3849.280029296875,3003680000,3849.280029296875
^GSPC,2022-12-30,3829.06005859375,3839.85009765625,3800.340087890625,3839.5,2979870000,3839.5
^GSPC,2023-01-03,3853.2900390625,3878.4599609375,3794.330078125,3824.139892578125,3959140000,3824.139892578125
^GSPC,2023-01-04,3840.360107421875,3873.159912109375,3815.77001953125,3852.969970703125,4414080000,3852.969970703125
^GSPC,2023-01-05,3839.739990234375,3839.739990234375,3802.419921875,3808.10009765625,3893450000,3808.10009765625
^GSPC,2023-01-06,3823.3701171875,3906.18994140625,3809.56005859375,3895.080078125,3923560000,3895.080078125
^GSPC,2023-01-09,3910.820068359375,3950.570068359375,3890.419921875,3892.090087890625,4311770000,3892.090087890625
^GSPC,2023-01-10,3888.570068359375,3919.830078125,3877.2900390625,3919.25,3851030000,3919.25
^GSPC,2023-01-11,3932.35009765625,3970.070068359375,3928.5400390625,3969.610107421875,4303360000,3969.610107421875
^GSPC,2023-01-12,3977.570068359375,3997.760009765625,3937.56005859375,3983.169921875,4440260000,3983.169921875
^GSPC,2023-01-13,3960.60009765625,4003.949951171875,3947.669921875,3999.090087890625,3939700000,3999.090087890625
^GSPC,2023-01-17,3999.280029296875,4015.389892578125,3984.570068359375,3990.969970703125,4235560000,3990.969970703125
^GSPC,2023-01-18,4002.25,4014.159912109375,3926.590087890625,3928.860107421875,4298710000,3928.860107421875
^GSPC,2023-01-19,3911.840087890625,3922.93994140625,3885.5400390625,3898.85009765625,3991500000,3898.85009765625
^GSPC,2023-01-20,3909.0400390625,3972.9599609375,3897.860107421875,3972.610107421875,4013360000,3972.610107421875
^GSPC,2023-01-23,3978.139892578125,4039.31005859375,3971.639892578125,4019.81005859375,3945210000,4019.81005859375
^GSPC,2023-01-24,4001.739990234375,4023.919921875,3989.7900390625,4016.949951171875,3320430000,4016.949951171875
^GSPC,2023-01-25,3982.7099609375,4019.550048828125,3949.06005859375,4016.219970703125,3724020000,4016.219970703125
^GSPC,2023-01-26,4036.080078125,4061.570068359375,4013.2900390625,4060.429931640625,3809590000,4060.429931640625
^GSPC,2023-01-27,4053.719970703125,4094.2099609375,4048.699951171875,4070.56005859375,3907760000,4070.56005859375
^GSPC,2023-01-30,4049.27001953125,4063.85009765625,4015.550048828125,4017.77001953125,3802000000,4017.77001953125
^GSPC,2023-01-31,4020.85009765625,4077.159912109375,4020.43994140625,4076.60009765625,4679320000,4076.60009765625
^GSPC,2023-02-01,4070.070068359375,4148.9501953125,4037.199951171875,4119.2099609375,4856930000,4119.2099609375
^GSPC,2023-02-02,4158.68017578125,4195.43994140625,4141.8798828125,4179.759765625,5624360000,4179.759765625
^GSPC,2023-02-03,4136.68994140625,4182.35986328125,4123.35986328125,4136.47998046875,4694510000,4136.47998046875
^GSPC,2023-02-06,4119.56982421875,4124.6298828125,4093.3798828125,4111.080078125,4114240000,4111.080078125
^GSPC,2023-02-07,4105.35009765625,4176.5400390625,4088.389892578125,4164,4355860000,4164
^GSPC,2023-02-08,4153.47021484375,4156.85009765625,4111.669921875,4117.85986328125,4029820000,4117.85986328125
^GSPC,2023-02-09,4144.25,4156.22998046875,4069.669921875,4081.5,4270200000,4081.5
^GSPC,2023-02-10,4068.919921875,4094.360107421875,4060.7900390625,4090.4599609375,3891520000,4090.4599609375
^GSPC,2023-02-13,4096.6201171875,4138.89990234375,4092.669921875,4137.2900390625,3448620000,4137.2900390625
^GSPC,2023-02-14,4126.7001953125,4159.77001953125,4095.010009765625,4136.1298828125,3929200000,4136.1298828125
^GSPC,2023-02-15,4119.5,4148.10986328125,4103.97998046875,4147.60009765625,4075980000,4147.60009765625
^GSPC,2023-02-16,4114.75,4136.5400390625,4089.489990234375,4090.409912109375,4143660000,4090.409912109375
^GSPC,2023-02-17,4077.389892578125,4081.510009765625,4047.949951171875,4079.090087890625,4045480000,4079.090087890625
^GSPC,2023-02-21,4052.35009765625,4052.35009765625,3995.18994140625,3997.340087890625,4121590000,3997.340087890625
^GSPC,2023-02-22,4001.830078125,4017.3701171875,3976.89990234375,3991.050048828125,4079320000,3991.050048828125
^GSPC,2023-02-23,4018.60009765625,4028.300048828125,3969.18994140625,4012.320068359375,3952940000,4012.320068359375
^GSPC,2023-02-24,3973.239990234375,3978.25,3943.080078125,3970.0400390625,3877700000,3970.0400390625
^GSPC,2023-02-27,3992.360107421875,4018.050048828125,3973.550048828125,3982.239990234375,3836950000,3982.239990234375
^GSPC,2023-02-28,3977.18994140625,3997.5,3968.97998046875,3970.14990234375,5043400000,3970.14990234375
^GSPC,2023-03-01,3963.340087890625,3971.72998046875,3939.050048828125,3951.389892578125,4249480000,3951.389892578125
^GSPC,2023-03-02,3938.679931640625,3990.840087890625,3928.159912109375,3981.35009765625,4244900000,3981.35009765625
^GSPC,2023-03-03,3998.02001953125,4048.2900390625,3995.169921875,4045.639892578125,4084730000,4045.639892578125
^GSPC,2023-03-06,4055.14990234375,4078.489990234375,4044.610107421875,4048.419921875,4000870000,4048.419921875
^GSPC,2023-03-07,4048.260009765625,4050,3980.31005859375,3986.3701171875,3922500000,3986.3701171875
^GSPC,2023-03-08,3987.550048828125,4000.409912109375,3969.760009765625,3992.010009765625,3535570000,3992.010009765625
^GSPC,2023-03-09,3998.659912109375,4017.81005859375,3908.699951171875,3918.320068359375,4445260000,3918.320068359375
^GSPC,2023-03-10,3912.77001953125,3934.050048828125,3846.320068359375,3861.590087890625,5518190000,3861.590087890625
^GSPC,2023-03-13,3835.1201171875,3905.050048828125,3808.860107421875,3855.760009765625,6558020000,3855.760009765625
^GSPC,2023-03-14,3894.010009765625,3937.2900390625,3873.6298828125,3919.2900390625,5665870000,3919.2900390625
^GSPC,2023-03-15,3876.739990234375,3894.260009765625,3838.239990234375,3891.929931640625,6594010000,3891.929931640625
^GSPC,2023-03-16,3878.929931640625,3964.4599609375,3864.110107421875,3960.280029296875,5695790000,3960.280029296875
^GSPC,2023-03-17,3958.68994140625,3958.909912109375,3901.27001953125,3916.639892578125,9354280000,3916.639892578125
^GSPC,2023-03-20,3917.469970703125,3956.6201171875,3916.889892578125,3951.570068359375,5347140000,3951.570068359375
^GSPC,2023-03-21,3975.889892578125,4009.080078125,3971.18994140625,4002.8701171875,4920240000,4002.8701171875
^GSPC,2023-03-22,4002.0400390625,4039.489990234375,3936.169921875,3936.969970703125,4533010000,3936.969970703125
^GSPC,2023-03-23,3959.2099609375,4007.659912109375,3919.050048828125,3948.719970703125,4991600000,3948.719970703125
^GSPC,2023-03-24,3939.2099609375,3972.739990234375,3909.159912109375,3970.989990234375,4583970000,3970.989990234375
^GSPC,2023-03-27,3982.929931640625,4003.830078125,3970.489990234375,3977.530029296875,4233540000,3977.530029296875
^GSPC,2023-03-28,3974.1298828125,3979.199951171875,3951.530029296875,3971.27001953125,4014600000,3971.27001953125
^GSPC,2023-03-29,3999.530029296875,4030.590087890625,3999.530029296875,4027.81005859375,4145250000,4027.81005859375
^GSPC,2023-03-30,4046.739990234375,4057.85009765625,4032.10009765625,4050.830078125,3930860000,4050.830078125
^GSPC,2023-03-31,4056.179931640625,4110.75,4056.179931640625,4109.31005859375,4525120000,4109.31005859375
^GSPC,2023-04-03,4102.2001953125,4127.66015625,4098.7900390625,4124.509765625,4234700000,4124.509765625
^GSPC,2023-04-04,4128.02978515625,4133.1298828125,4086.8701171875,4100.60009765625,4227800000,4100.60009765625
^GSPC,2023-04-05,4094.5,4099.68994140625,4072.56005859375,4090.3798828125,3968020000,4090.3798828125
^GSPC,2023-04-06,4081.14990234375,4107.31982421875,4069.840087890625,4105.02001953125,3486690000,4105.02001953125
^GSPC,2023-04-10,4085.199951171875,4109.5,4072.550048828125,4109.10986328125,3423650000,4109.10986328125
^GSPC,2023-04-11,4110.2900390625,4124.259765625,4102.60986328125,4108.93994140625,3665830000,4108.93994140625
^GSPC,2023-04-12,4121.72021484375,4134.3701171875,4086.93994140625,4091.949951171875,3633120000,4091.949951171875
^GSPC,2023-04-13,4100.0400390625,4150.259765625,4099.39990234375,4146.22021484375,3596590000,4146.22021484375
^GSPC,2023-04-14,4140.10986328125,4163.18994140625,4113.2001953125,4137.64013671875,3575690000,4137.64013671875
^GSPC,2023-04-17,4137.169921875,4151.72021484375,4123.18017578125,4151.31982421875,3611180000,4151.31982421875
^GSPC,2023-04-18,4164.259765625,4169.47998046875,4140.35986328125,4154.8701171875,3536640000,4154.8701171875
^GSPC,2023-04-19,4139.330078125,4162.56982421875,4134.490234375,4154.52001953125,3572560000,4154.52001953125
^GSPC,2023-04-20,4130.47998046875,4148.56982421875,4114.56982421875,4129.7900390625,3772080000,4129.7900390625
^GSPC,2023-04-21,4132.14013671875,4138.02001953125,4113.85986328125,4133.52001953125,3611750000,4133.52001953125
^GSPC,2023-04-24,4132.06982421875,4142.41015625,4117.77001953125,4137.0400390625,3290940000,4137.0400390625
^GSPC,2023-04-25,4126.43017578125,4126.43017578125,4071.3798828125,4071.6298828125,3978640000,4071.6298828125
^GSPC,2023-04-26,4087.780029296875,4089.669921875,4049.35009765625,4055.989990234375,3837030000,4055.989990234375
^GSPC,2023-04-27,4075.2900390625,4138.240234375,4075.2900390625,4135.35009765625,3750550000,4135.35009765625
^GSPC,2023-04-28,4129.6298828125,4170.06005859375,4127.18017578125,4169.47998046875,4087800000,4169.47998046875
^GSPC,2023-05-01,4166.7900390625,4186.919921875,4164.1201171875,4167.8701171875,3321370000,4167.8701171875
^GSPC,2023-05-02,4164.10009765625,4164.10009765625,4089.719970703125,4119.580078125,4486130000,4119.580078125
^GSPC,2023-05-03,4122.25,4148.2998046875,4088.860107421875,4090.75,4246510000,4090.75
^GSPC,2023-05-04,4082.550048828125,4082.610107421875,4048.280029296875,4061.219970703125,4920090000,4061.219970703125
^GSPC,2023-05-05,4084.72998046875,4147.02001953125,4084.72998046875,4136.25,4186270000,4136.25
^GSPC,2023-05-08,4136.97998046875,4142.2998046875,4123.81005859375,4138.1201171875,3641640000,4138.1201171875
^GSPC,2023-05-09,4124.25,4130.35009765625,4116.64990234375,4119.169921875,3810140000,4119.169921875
^GSPC,2023-05-10,4143.740234375,4154.27978515625,4098.919921875,4137.64013671875,4057160000,4137.64013671875
^GSPC,2023-05-11,4132.240234375,4132.7998046875,4109.2900390625,4130.6201171875,3752900000,4130.6201171875
^GSPC,2023-05-12,4138.5400390625,4143.740234375,4099.1201171875,4124.080078125,3533740000,4124.080078125
^GSPC,2023-05-15,4126.64990234375,4141.25,4110.27001953125,4136.27978515625,3562170000,4136.27978515625
^GSPC,2023-05-16,4127.9501953125,4135.5400390625,4109.85986328125,4109.89990234375,3654200000,4109.89990234375
^GSPC,2023-05-17,4122.85009765625,4164.669921875,4113.6201171875,4158.77001953125,4039080000,4158.77001953125
^GSPC,2023-05-18,4157.68017578125,4202.2001953125,4153.5,4198.0498046875,3980500000,4198.0498046875
^GSPC,2023-05-19,4204.14990234375,4212.91015625,4180.2001953125,4191.97998046875,4041900000,4191.97998046875
^GSPC,2023-05-22,4190.77978515625,4209.22021484375,4179.68017578125,4192.6298828125,3728520000,4192.6298828125
^GSPC,2023-05-23,4176.7998046875,4185.68017578125,4142.5400390625,4145.580078125,4155320000,4145.580078125
^GSPC,2023-05-24,4132.9599609375,4132.9599609375,4103.97998046875,4115.240234375,0,4115.240234375
^GSPC,2023-05-25,4155.7099609375,4165.740234375,4129.72998046875,4151.27978515625,4147760000,4151.27978515625
^GSPC,2023-05-26,4156.16015625,4212.8701171875,4156.16015625,4205.4501953125,3715460000,4205.4501953125
^GSPC,2023-05-30,4226.7099609375,4231.10009765625,4192.18017578125,4205.52001953125,4228510000,4205.52001953125
^GSPC,2023-05-31,4190.740234375,4195.43994140625,4166.14990234375,4179.830078125,5980670000,4179.830078125
^GSPC,2023-06-01,4183.02978515625,4232.43017578125,4171.64013671875,4221.02001953125,4391860000,4221.02001953125
^GSPC,2023-06-02,4241.009765625,4290.669921875,4241.009765625,4282.3701171875,4454200000,4282.3701171875
^GSPC,2023-06-05,4282.990234375,4299.27978515625,4266.81982421875,4273.7900390625,3813290000,4273.7900390625
^GSPC,2023-06-06,4271.33984375,4288.330078125,4263.08984375,4283.85009765625,3996560000,4283.85009765625
^GSPC,2023-06-07,4285.47021484375,4299.18994140625,4263.9599609375,4267.52001953125,4537800000,4267.52001953125
^GSPC,2023-06-08,4268.68994140625,4298.009765625,4261.06982421875,4293.93017578125,3826740000,4293.93017578125
^GSPC,2023-06-09,4304.8798828125,4322.6201171875,4291.7001953125,4298.85986328125,3786510000,4298.85986328125
^GSPC,2023-06-12,4308.31982421875,4340.1298828125,4304.3701171875,4338.93017578125,3945670000,4338.93017578125
^GSPC,2023-06-13,4352.60986328125,4375.3701171875,4349.31005859375,4369.009765625,4275400000,4369.009765625
^GSPC,2023-06-14,4366.2900390625,4391.81982421875,4337.85009765625,4372.58984375,4252110000,4372.58984375
^GSPC,2023-06-15,4365.330078125,4439.2001953125,4362.60009765625,4425.83984375,4176690000,4425.83984375
^GSPC,2023-06-16,4440.9501953125,4448.47021484375,4407.43994140625,4409.58984375,6848600000,4409.58984375
^GSPC,2023-06-20,4396.10986328125,4400.14990234375,4367.18994140625,4388.7099609375,4055790000,4388.7099609375
^GSPC,2023-06-21,4380.009765625,4386.22021484375,4360.14013671875,4365.68994140625,3709330000,4365.68994140625
^GSPC,2023-06-22,4355.39990234375,4382.25,4351.81982421875,4381.89013671875,3511000000,4381.89013671875
^GSPC,2023-06-23,4354.169921875,4366.5498046875,4341.33984375,4348.330078125,6053620000,4348.330078125
^GSPC,2023-06-26,4344.83984375,4362.06005859375,4328.080078125,4328.81982421875,3415030000,4328.81982421875
^GSPC,2023-06-27,4337.35986328125,4384.419921875,4335,4378.41015625,3573500000,4378.41015625
^GSPC,2023-06-28,4367.47998046875,4390.35009765625,4360.22021484375,4376.85986328125,3739330000,4376.85986328125
^GSPC,2023-06-29,4374.93994140625,4398.39013671875,4371.97021484375,4396.43994140625,3696660000,4396.43994140625
^GSPC,2023-06-30,4422.43994140625,4458.47998046875,4422.43994140625,4450.3798828125,3923450000,4450.3798828125
^GSPC,2023-07-03,4450.47998046875,4456.4599609375,4442.2900390625,4455.58984375,2034280000,4455.58984375
^GSPC,2023-07-05,4442.0400390625,4454.06005859375,4436.60986328125,4446.81982421875,3482620000,4446.81982421875
^GSPC,2023-07-06,4422.6201171875,4422.6201171875,4385.0498046875,4411.58984375,3682020000,4411.58984375
^GSPC,2023-07-07,4404.5400390625,4440.39013671875,4397.39990234375,4398.9501953125,3630480000,4398.9501953125
^GSPC,2023-07-10,4394.22998046875,4412.60009765625,4389.919921875,4409.52978515625,3429600000,4409.52978515625
^GSPC,2023-07-11,4415.5498046875,4443.64013671875,4408.4599609375,4439.259765625,3624220000,4439.259765625
^GSPC,2023-07-12,4467.68994140625,4488.33984375,4463.22998046875,4472.16015625,3920290000,4472.16015625
^GSPC,2023-07-13,4491.5,4517.3798828125,4489.35986328125,4510.0400390625,3839530000,4510.0400390625
^GSPC,2023-07-14,4514.60986328125,4527.759765625,4499.56005859375,4505.419921875,3647450000,4505.419921875
^GSPC,2023-07-17,4508.85986328125,4532.85009765625,4504.89990234375,4522.7900390625,3538240000,4522.7900390625
^GSPC,2023-07-18,4521.77978515625,4562.2998046875,4514.58984375,4554.97998046875,4090010000,4554.97998046875
^GSPC,2023-07-19,4563.8701171875,4578.43017578125,4557.47998046875,4565.72021484375,4115670000,4565.72021484375
^GSPC,2023-07-20,4554.3798828125,4564.740234375,4527.56005859375,4534.8701171875,3761770000,4534.8701171875
^GSPC,2023-07-21,4550.16015625,4555,4535.7900390625,4536.33984375,3570190000,4536.33984375
^GSPC,2023-07-24,4543.39013671875,4563.41015625,4541.2900390625,4554.64013671875,3856250000,4554.64013671875
^GSPC,2023-07-25,4555.18994140625,4580.6201171875,4552.419921875,4567.4599609375,3812470000,4567.4599609375
^GSPC,2023-07-26,4558.9599609375,4582.47021484375,4547.580078125,4566.75,3990290000,4566.75
^GSPC,2023-07-27,4598.259765625,4607.06982421875,4528.56005859375,4537.41015625,4553210000,4537.41015625
^GSPC,2023-07-28,4565.75,4590.16015625,4564.009765625,4582.22998046875,3981010000,4582.22998046875
^GSPC,2023-07-31,4584.81982421875,4594.22021484375,4573.14013671875,4588.9599609375,4503600000,4588.9599609375
^GSPC,2023-08-01,4578.830078125,4584.6201171875,4567.52978515625,4576.72998046875,4042370000,4576.72998046875
^GSPC,2023-08-02,4550.93017578125,4550.93017578125,4505.75,4513.39013671875,4270710000,4513.39013671875
^GSPC,2023-08-03,4494.27001953125,4519.490234375,4485.5400390625,4501.89013671875,4149120000,4501.89013671875
^GSPC,2023-08-04,4513.9599609375,4540.33984375,4474.5498046875,4478.02978515625,4143310000,4478.02978515625
^GSPC,2023-08-07,4491.580078125,4519.83984375,4491.14990234375,4518.43994140625,3493920000,4518.43994140625
^GSPC,2023-08-08,4498.02978515625,4503.31005859375,4464.39013671875,4499.3798828125,3884910000,4499.3798828125
^GSPC,2023-08-09,4501.56982421875,4502.43994140625,4461.330078125,4467.7099609375,3803100000,4467.7099609375
^GSPC,2023-08-10,4487.16015625,4527.3701171875,4457.919921875,4468.830078125,4504370000,4468.830078125
^GSPC,2023-08-11,4450.68994140625,4476.22998046875,4443.97998046875,4464.0498046875,3753290000,4464.0498046875
^GSPC,2023-08-14,4458.1298828125,4490.330078125,4453.43994140625,4489.72021484375,3896410000,4489.72021484375
^GSPC,2023-08-15,4478.8701171875,4478.8701171875,4432.18994140625,4437.85986328125,3832250000,4437.85986328125
^GSPC,2023-08-16,4433.7900390625,4449.9501953125,4403.5498046875,4404.330078125,3753910000,4404.330078125
^GSPC,2023-08-17,4416.31982421875,4421.169921875,4364.830078125,4370.35986328125,3943700000,4370.35986328125
^GSPC,2023-08-18,4344.8798828125,4381.81982421875,4335.31005859375,4369.7099609375,3940400000,4369.7099609375
^GSPC,2023-08-21,4380.27978515625,4407.5498046875,4360.2998046875,4399.77001953125,3726850000,4399.77001953125
^GSPC,2023-08-22,4415.330078125,4418.58984375,4382.77001953125,4387.5498046875,3522760000,4387.5498046875
^GSPC,2023-08-23,4396.43994140625,4443.18017578125,4396.43994140625,4436.009765625,3837270000,4436.009765625
^GSPC,2023-08-24,4455.16015625,4458.2998046875,4375.5498046875,4376.31005859375,3723470000,4376.31005859375
^GSPC,2023-08-25,4389.3798828125,4418.4599609375,4356.2900390625,4405.7099609375,3296180000,4405.7099609375
^GSPC,2023-08-28,4426.02978515625,4439.56005859375,4414.97998046875,4433.31005859375,2957230000,4433.31005859375
^GSPC,2023-08-29,4432.75,4500.14013671875,4431.68017578125,4497.6298828125,3354820000,4497.6298828125
^GSPC,2023-08-30,4500.33984375,4521.64990234375,4493.58984375,4514.8701171875,3064110000,4514.8701171875
^GSPC,2023-08-31,4517.009765625,4532.259765625,4507.39013671875,4507.66015625,3946360000,4507.66015625
^GSPC,2023-09-01,4530.60009765625,4541.25,4501.35009765625,4515.77001953125,3246260000,4515.77001953125
^GSPC,2023-09-05,4510.06005859375,4514.2900390625,4496.009765625,4496.830078125,3526250000,4496.830078125
^GSPC,2023-09-06,4490.35009765625,4490.35009765625,4442.3798828125,4465.47998046875,3418850000,4465.47998046875
^GSPC,2023-09-07,4434.5498046875,4457.81005859375,4430.4599609375,4451.14013671875,3763760000,4451.14013671875
^GSPC,2023-09-08,4451.2998046875,4473.52978515625,4448.3798828125,4457.490234375,3259290000,4457.490234375
^GSPC,2023-09-11,4480.97998046875,4490.77001953125,4467.89013671875,4487.4599609375,3369920000,4487.4599609375
^GSPC,2023-09-12,4473.27001953125,4487.10986328125,4456.830078125,4461.89990234375,3435740000,4461.89990234375
^GSPC,2023-09-13,4462.64990234375,4479.39013671875,4453.52001953125,4467.43994140625,3529430000,4467.43994140625
^GSPC,2023-09-14,4487.77978515625,4511.990234375,4478.68994140625,4505.10009765625,3648720000,4505.10009765625
^GSPC,2023-09-15,4497.97998046875,4497.97998046875,4447.2099609375,4450.31982421875,6932230000,4450.31982421875
^GSPC,2023-09-18,4445.1298828125,4466.35986328125,4442.10986328125,4453.52978515625,3161230000,4453.52978515625
^GSPC,2023-09-19,4445.41015625,4449.85009765625,4416.60986328125,4443.9501953125,3614880000,4443.9501953125
^GSPC,2023-09-20,4452.81005859375,4461.02978515625,4401.3798828125,4402.2001953125,3308450000,4402.2001953125
^GSPC,2023-09-21,4374.35986328125,4375.7001953125,4329.169921875,4330,3662340000,4330
^GSPC,2023-09-22,4341.740234375,4357.39990234375,4316.490234375,4320.06005859375,3349570000,4320.06005859375
^GSPC,2023-09-25,4310.6201171875,4338.509765625,4302.7001953125,4337.43994140625,3195650000,4337.43994140625
^GSPC,2023-09-26,4312.8798828125,4313.009765625,4265.97998046875,4273.52978515625,3472340000,4273.52978515625
^GSPC,2023-09-27,4282.6298828125,4292.06982421875,4238.6298828125,4274.509765625,3875880000,4274.509765625
^GSPC,2023-09-28,4269.64990234375,4317.27001953125,4264.3798828125,4299.7001953125,3846230000,4299.7001953125
^GSPC,2023-09-29,4328.18017578125,4333.14990234375,4274.85986328125,4288.0498046875,3865960000,4288.0498046875
^GSPC,2023-10-02,4284.52001953125,4300.580078125,4260.2099609375,4288.39013671875,3938660000,4288.39013671875
^GSPC,2023-10-03,4269.75,4281.14990234375,4216.4501953125,4229.4501953125,3953830000,4229.4501953125
^GSPC,2023-10-04,4233.830078125,4268.5,4220.47998046875,4263.75,3777600000,4263.75
^GSPC,2023-10-05,4259.31005859375,4267.1298828125,4225.91015625,4258.18994140625,3581470000,4258.18994140625
^GSPC,2023-10-06,4234.7900390625,4324.10009765625,4219.5498046875,4308.5,3902030000,4308.5
^GSPC,2023-10-09,4289.02001953125,4341.72998046875,4283.7900390625,4335.66015625,3174630000,4335.66015625
^GSPC,2023-10-10,4339.75,4385.4599609375,4339.64013671875,4358.240234375,3520240000,4358.240234375
^GSPC,2023-10-11,4366.58984375,4378.64013671875,4345.33984375,4376.9501953125,3601660000,4376.9501953125
^GSPC,2023-10-12,4380.93994140625,4385.85009765625,4325.43017578125,4349.60986328125,3713140000,4349.60986328125
^GSPC,2023-10-13,4360.490234375,4377.10009765625,4311.97021484375,4327.77978515625,3566560000,4327.77978515625
^GSPC,2023-10-16,4342.3701171875,4383.330078125,4342.3701171875,4373.6298828125,3409960000,4373.6298828125
^GSPC,2023-10-17,4345.22998046875,4393.56982421875,4337.5400390625,4373.2001953125,3794850000,4373.2001953125
^GSPC,2023-10-18,4357.35009765625,4364.2001953125,4303.83984375,4314.60009765625,3686030000,4314.60009765625
^GSPC,2023-10-19,4321.35986328125,4339.5400390625,4269.68994140625,4278,3969730000,4278
^GSPC,2023-10-20,4273.85009765625,4276.56005859375,4223.02978515625,4224.16015625,4004030000,4224.16015625
^GSPC,2023-10-23,4210.39990234375,4255.83984375,4189.22021484375,4217.0400390625,3776100000,4217.0400390625
^GSPC,2023-10-24,4235.7900390625,4259.3798828125,4219.43017578125,4247.68017578125,3821820000,4247.68017578125
^GSPC,2023-10-25,4232.419921875,4232.419921875,4181.419921875,4186.77001953125,3869370000,4186.77001953125
^GSPC,2023-10-26,4175.990234375,4183.60009765625,4127.89990234375,4137.22998046875,4277640000,4137.22998046875
^GSPC,2023-10-27,4152.93017578125,4156.7001953125,4103.77978515625,4117.3701171875,4019500000,4117.3701171875
^GSPC,2023-10-30,4139.39013671875,4177.47021484375,4132.93994140625,4166.81982421875,3911140000,4166.81982421875
^GSPC,2023-10-31,4171.330078125,4195.5498046875,4153.1201171875,4193.7998046875,4249470000,4193.7998046875
^GSPC,2023-11-01,4201.27001953125,4245.64013671875,4197.740234375,4237.85986328125,4224900000,4237.85986328125
^GSPC,2023-11-02,4268.259765625,4319.72021484375,4268.259765625,4317.77978515625,4669780000,4317.77978515625
^GSPC,2023-11-03,4334.22998046875,4373.6201171875,4334.22998046875,4358.33984375,4570960000,4358.33984375
^GSPC,2023-11-06,4364.27001953125,4372.2099609375,4347.52978515625,4365.97998046875,3656340000,4365.97998046875
^GSPC,2023-11-07,4366.2099609375,4386.259765625,4355.41015625,4378.3798828125,3791230000,4378.3798828125
^GSPC,2023-11-08,4384.3701171875,4391.2001953125,4359.759765625,4382.77978515625,3729510000,4382.77978515625
^GSPC,2023-11-09,4391.41015625,4393.39990234375,4343.93994140625,4347.35009765625,3900780000,4347.35009765625
^GSPC,2023-11-10,4364.14990234375,4418.02978515625,4353.33984375,4415.240234375,3665080000,4415.240234375
^GSPC,2023-11-13,4406.66015625,4421.759765625,4393.81982421875,4411.5498046875,3326240000,4411.5498046875
^GSPC,2023-11-14,4458.97021484375,4508.669921875,4458.97021484375,4495.7001953125,4700350000,4495.7001953125
^GSPC,2023-11-15,4505.2998046875,4521.169921875,4495.31005859375,4502.8798828125,4347170000,4502.8798828125
^GSPC,2023-11-16,4497.080078125,4511.990234375,4487.830078125,4508.240234375,3964520000,4508.240234375
^GSPC,2023-11-17,4509.5498046875,4520.1201171875,4499.66015625,4514.02001953125,3777240000,4514.02001953125
^GSPC,2023-11-20,4511.7001953125,4557.10986328125,4510.35986328125,4547.3798828125,3644790000,4547.3798828125
^GSPC,2023-11-21,4538.77001953125,4542.14013671875,4525.509765625,4538.18994140625,3511080000,4538.18994140625
^GSPC,2023-11-22,4553.0400390625,4568.43017578125,4545.0498046875,4556.6201171875,3042810000,4556.6201171875
^GSPC,2023-11-24,4555.83984375,4560.31005859375,4552.7998046875,4559.33984375,1639500000,4559.33984375
^GSPC,2023-11-27,4554.85986328125,4560.52001953125,4546.31982421875,4550.43017578125,3403990000,4550.43017578125
^GSPC,2023-11-28,4545.5498046875,4568.14013671875,4540.509765625,4554.89013671875,3586240000,4554.89013671875
^GSPC,2023-11-29,4571.83984375,4587.64013671875,4547.14990234375,4550.580078125,4418760000,4550.580078125
^GSPC,2023-11-30,4554.8701171875,4569.89013671875,4537.240234375,4567.7998046875,5399300000,4567.7998046875
^GSPC,2023-12-01,4559.43017578125,4599.39013671875,4554.7099609375,4594.6298828125,4397120000,4594.6298828125
^GSPC,2023-12-04,4564.3701171875,4572.3701171875,4546.72021484375,4569.77978515625,4369910000,4569.77978515625
^GSPC,2023-12-05,4557.25,4578.56005859375,4551.68017578125,4567.18017578125,3909950000,4567.18017578125
^GSPC,2023-12-06,4586.22998046875,4590.740234375,4546.5,4549.33984375,4245680000,4549.33984375
^GSPC,2023-12-07,4568.83984375,4590.919921875,4565.22021484375,4585.58984375,3818880000,4585.58984375
^GSPC,2023-12-08,4576.2001953125,4609.22998046875,4574.06005859375,4604.3701171875,3707010000,4604.3701171875
^GSPC,2023-12-11,4593.39013671875,4623.7099609375,4593.39013671875,4622.43994140625,3823210000,4622.43994140625
^GSPC,2023-12-12,4618.2998046875,4643.93017578125,4608.08984375,4643.7001953125,3808380000,4643.7001953125
^GSPC,2023-12-13,4646.2001953125,4709.68994140625,4643.22998046875,4707.08984375,5063650000,4707.08984375
^GSPC,2023-12-14,4721.0400390625,4738.56982421875,4694.33984375,4719.5498046875,6314040000,4719.5498046875
^GSPC,2023-12-15,4714.22998046875,4725.52978515625,4704.68994140625,4719.18994140625,8218980000,4719.18994140625
^GSPC,2023-12-18,4725.580078125,4749.52001953125,4725.580078125,4740.56005859375,4060340000,4740.56005859375
^GSPC,2023-12-19,4743.72021484375,4768.68994140625,4743.72021484375,4768.3701171875,4026970000,4768.3701171875
^GSPC,2023-12-20,4764.72998046875,4778.009765625,4697.81982421875,4698.35009765625,4201320000,4698.35009765625
^GSPC,2023-12-21,4724.2900390625,4748.7099609375,4708.35009765625,4746.75,3431180000,4746.75
^GSPC,2023-12-22,4753.919921875,4772.93994140625,4736.77001953125,4754.6298828125,3046770000,4754.6298828125
^GSPC,2023-12-26,4758.85986328125,4784.72021484375,4758.4501953125,4774.75,2513910000,4774.75
^GSPC,2023-12-27,4773.4501953125,4785.39013671875,4768.89990234375,4781.580078125,2748450000,4781.580078125
^GSPC,2023-12-28,4786.43994140625,4793.2998046875,4780.97998046875,4783.35009765625,2698860000,4783.35009765625
^GSPC,2023-12-29,4782.8798828125,4788.43017578125,4751.990234375,4769.830078125,3126060000,4769.830078125
^GSPC,2024-01-02,4745.2001953125,4754.330078125,4722.669921875,4742.830078125,3743050000,4742.830078125
^GSPC,2024-01-03,4725.06982421875,4729.2900390625,4699.7099609375,4704.81005859375,3950760000,4704.81005859375
^GSPC,2024-01-04,4697.419921875,4726.77978515625,4687.52978515625,4688.68017578125,3715480000,4688.68017578125
^GSPC,2024-01-05,4690.56982421875,4721.490234375,4682.10986328125,4697.240234375,3844370000,4697.240234375
^GSPC,2024-01-08,4703.7001953125,4764.5400390625,4699.81982421875,4763.5400390625,3742320000,4763.5400390625
^GSPC,2024-01-09,4741.93017578125,4765.47021484375,4730.35009765625,4756.5,3529960000,4756.5
^GSPC,2024-01-10,4759.93994140625,4790.7998046875,4756.2001953125,4783.4501953125,3498680000,4783.4501953125
^GSPC,2024-01-11,4792.1298828125,4798.5,4739.580078125,4780.240234375,3759890000,4780.240234375
^GSPC,2024-01-12,4791.18017578125,4802.39990234375,4768.97998046875,4783.830078125,3486340000,4783.830078125
^GSPC,2024-01-16,4772.35009765625,4782.33984375,4747.1201171875,4765.97998046875,4260550000,4765.97998046875
^GSPC,2024-01-17,4739.1298828125,4744.22998046875,4714.81982421875,4739.2099609375,3928600000,4739.2099609375
^GSPC,2024-01-18,4760.10009765625,4785.7900390625,4740.56982421875,4780.93994140625,4019000000,4780.93994140625
^GSPC,2024-01-19,4796.27978515625,4842.06982421875,4785.8701171875,4839.81005859375,4287200000,4839.81005859375
^GSPC,2024-01-22,4853.419921875,4868.41015625,4844.0498046875,4850.43017578125,4297610000,4850.43017578125
^GSPC,2024-01-23,4856.7998046875,4866.47998046875,4844.3701171875,4864.60009765625,3912800000,4864.60009765625
^GSPC,2024-01-24,4888.56005859375,4903.68017578125,4865.93994140625,4868.5498046875,4330030000,4868.5498046875
^GSPC,2024-01-25,4886.66015625,4898.14990234375,4869.33984375,4894.16015625,4020430000,4894.16015625
^GSPC,2024-01-26,4888.91015625,4906.68994140625,4881.47021484375,4890.97021484375,3353400000,4890.97021484375
^GSPC,2024-01-29,4892.9501953125,4929.31005859375,4887.39990234375,4927.93017578125,3525160000,4927.93017578125
^GSPC,2024-01-30,4925.89013671875,4931.08984375,4916.27001953125,4924.97021484375,3836130000,4924.97021484375
^GSPC,2024-01-31,4899.18994140625,4906.75,4845.14990234375,4845.64990234375,4696120000,4845.64990234375
^GSPC,2024-02-01,4861.10986328125,4906.97021484375,4853.52001953125,4906.18994140625,4386090000,4906.18994140625
^GSPC,2024-02-02,4916.06005859375,4975.2900390625,4907.990234375,4958.60986328125,3974350000,4958.60986328125
^GSPC,2024-02-05,4957.18994140625,4957.18994140625,4918.08984375,4942.81005859375,4023640000,4942.81005859375
^GSPC,2024-02-06,4950.16015625,4957.77001953125,4934.8798828125,4954.22998046875,4440880000,4954.22998046875
^GSPC,2024-02-07,4973.0498046875,4999.89013671875,4969.0498046875,4995.06005859375,4895590000,4995.06005859375
^GSPC,2024-02-08,4995.16015625,5000.39990234375,4987.08984375,4997.91015625,4341860000,4997.91015625
^GSPC,2024-02-09,5004.169921875,5030.06005859375,5000.33984375,5026.60986328125,3912990000,5026.60986328125
^GSPC,2024-02-12,5026.830078125,5048.39013671875,5016.830078125,5021.83984375,3805740000,5021.83984375
^GSPC,2024-02-13,4967.93994140625,4971.2998046875,4920.31005859375,4953.169921875,4302190000,4953.169921875
^GSPC,2024-02-14,4976.43994140625,5002.52001953125,4956.4501953125,5000.6201171875,3845600000,5000.6201171875
^GSPC,2024-02-15,5003.14013671875,5032.72021484375,4999.43994140625,5029.72998046875,4137970000,5029.72998046875
^GSPC,2024-02-16,5031.1298828125,5038.7001953125,4999.52001953125,5005.56982421875,3833270000,5005.56982421875
^GSPC,2024-02-20,4989.31982421875,4993.7099609375,4955.02001953125,4975.509765625,4034880000,4975.509765625
^GSPC,2024-02-21,4963.02978515625,4983.2099609375,4946,4981.7998046875,3788390000,4981.7998046875
^GSPC,2024-02-22,5038.830078125,5094.39013671875,5038.830078125,5087.02978515625,4051710000,5087.02978515625
^GSPC,2024-02-23,5100.919921875,5111.06005859375,5081.4599609375,5088.7998046875,3672790000,5088.7998046875
^GSPC,2024-02-26,5093,5097.66015625,5068.91015625,5069.52978515625,3683930000,5069.52978515625
^GSPC,2024-02-27,5074.60009765625,5080.68994140625,5057.2900390625,5078.18017578125,3925950000,5078.18017578125
^GSPC,2024-02-28,5067.2001953125,5077.3701171875,5058.35009765625,5069.759765625,3789370000,5069.759765625
^GSPC,2024-02-29,5085.35986328125,5104.990234375,5061.89013671875,5096.27001953125,5219740000,5096.27001953125
^GSPC,2024-03-01,5098.509765625,5140.330078125,5094.16015625,5137.080078125,4748110000,5137.080078125
^GSPC,2024-03-04,5130.990234375,5149.669921875,5127.18017578125,5130.9501953125,4758440000,5130.9501953125
^GSPC,2024-03-05,5110.52001953125,5114.5400390625,5056.81982421875,5078.64990234375,4418410000,5078.64990234375
^GSPC,2024-03-06,5108.02978515625,5127.97021484375,5092.22021484375,5104.759765625,4559050000,5104.759765625
^GSPC,2024-03-07,5132.3798828125,5165.6201171875,5128.2099609375,5157.35986328125,4137980000,5157.35986328125
^GSPC,2024-03-08,5164.4599609375,5189.259765625,5117.5,5123.68994140625,4208870000,5123.68994140625
^GSPC,2024-03-11,5111.9599609375,5124.66015625,5091.14013671875,5117.93994140625,3896430000,5117.93994140625
^GSPC,2024-03-12,5134.2998046875,5179.8701171875,5114.47998046875,5175.27001953125,4080510000,5175.27001953125
^GSPC,2024-03-13,5173.490234375,5179.14013671875,5151.8798828125,5165.31005859375,4282890000,5165.31005859375
^GSPC,2024-03-14,5175.14013671875,5176.85009765625,5123.2998046875,5150.47998046875,4687970000,5150.47998046875
^GSPC,2024-03-15,5123.31005859375,5136.85986328125,5104.35009765625,5117.08984375,7753670000,5117.08984375
^GSPC,2024-03-18,5154.77001953125,5175.60009765625,5145.47021484375,5149.419921875,4036220000,5149.419921875
^GSPC,2024-03-19,5139.08984375,5180.31005859375,5131.58984375,5178.509765625,4031760000,5178.509765625
^GSPC,2024-03-20,5181.68994140625,5226.18994140625,5171.5498046875,5224.6201171875,4064850000,5224.6201171875
^GSPC,2024-03-21,5253.43017578125,5261.10009765625,5240.66015625,5241.52978515625,4207730000,5241.52978515625
^GSPC,2024-03-22,5242.47998046875,5246.08984375,5229.8701171875,5234.18017578125,3374700000,5234.18017578125
^GSPC,2024-03-25,5219.52001953125,5229.08984375,5216.08984375,5218.18994140625,3331360000,5218.18994140625
^GSPC,2024-03-26,5228.85009765625,5235.16015625,5203.419921875,5203.580078125,3871790000,5203.580078125
^GSPC,2024-03-27,5226.31005859375,5249.259765625,5213.919921875,5248.490234375,3850500000,5248.490234375
^GSPC,2024-03-28,5248.02978515625,5264.85009765625,5245.81982421875,5254.35009765625,3998270000,5254.35009765625
^GSPC,2024-04-01,5257.97021484375,5263.9501953125,5229.2001953125,5243.77001953125,3325930000,5243.77001953125
^GSPC,2024-04-02,5204.2900390625,5208.33984375,5184.0498046875,5205.81005859375,3886590000,5205.81005859375
^GSPC,2024-04-03,5194.3701171875,5228.75,5194.3701171875,5211.490234375,3703250000,5211.490234375
^GSPC,2024-04-04,5244.0498046875,5256.58984375,5146.06005859375,5147.2099609375,4075680000,5147.2099609375
^GSPC,2024-04-05,5158.9501953125,5222.18017578125,5157.2099609375,5204.33984375,3386780000,5204.33984375
^GSPC,2024-04-08,5211.3701171875,5219.56982421875,5197.35009765625,5202.39013671875,3278180000,5202.39013671875
^GSPC,2024-04-09,5217.02978515625,5224.81005859375,5160.77978515625,5209.91015625,3400680000,5209.91015625
^GSPC,2024-04-10,5167.8798828125,5178.43017578125,5138.7001953125,5160.64013671875,3845930000,5160.64013671875
^GSPC,2024-04-11,5172.9501953125,5211.77978515625,5138.77001953125,5199.06005859375,3509380000,5199.06005859375
^GSPC,2024-04-12,5171.509765625,5175.02978515625,5107.93994140625,5123.41015625,3963220000,5123.41015625
^GSPC,2024-04-15,5149.669921875,5168.43017578125,5052.47021484375,5061.81982421875,3950210000,5061.81982421875
^GSPC,2024-04-16,5064.58984375,5079.83984375,5039.830078125,5051.41015625,4006200000,5051.41015625
^GSPC,2024-04-17,5068.97021484375,5077.9599609375,5007.25,5022.2099609375,3596130000,5022.2099609375
^GSPC,2024-04-18,5031.52001953125,5056.66015625,5001.89013671875,5011.1201171875,3619760000,5011.1201171875
^GSPC,2024-04-19,5005.43994140625,5019.02001953125,4953.56005859375,4967.22998046875,3878750000,4967.22998046875
^GSPC,2024-04-22,4987.330078125,5038.83984375,4969.39990234375,5010.60009765625,3820250000,5010.60009765625
^GSPC,2024-04-23,5028.85009765625,5076.1201171875,5027.9599609375,5070.5498046875,3751400000,5070.5498046875
^GSPC,2024-04-24,5084.85986328125,5089.47998046875,5047.02001953125,5071.6298828125,3656740000,5071.6298828125
^GSPC,2024-04-25,5019.8798828125,5057.75,4990.580078125,5048.419921875,3958050000,5048.419921875
^GSPC,2024-04-26,5084.64990234375,5114.6201171875,5073.14013671875,5099.9599609375,3604140000,5099.9599609375
^GSPC,2024-04-29,5114.1298828125,5123.490234375,5088.64990234375,5116.169921875,3447450000,5116.169921875
^GSPC,2024-04-30,5103.77978515625,5110.830078125,5035.31005859375,5035.68994140625,4082470000,5035.68994140625
^GSPC,2024-05-01,5029.02978515625,5096.1201171875,5013.4501953125,5018.39013671875,4544170000,5018.39013671875
^GSPC,2024-05-02,5049.31982421875,5073.2099609375,5011.0498046875,5064.2001953125,4381660000,5064.2001953125
^GSPC,2024-05-03,5122.77978515625,5139.1201171875,5101.22021484375,5127.7900390625,3924990000,5127.7900390625
^GSPC,2024-05-06,5142.419921875,5181,5142.419921875,5180.740234375,3683250000,5180.740234375
^GSPC,2024-05-07,5187.2001953125,5200.22998046875,5178.9599609375,5187.7001953125,3987890000,5187.7001953125
^GSPC,2024-05-08,5168.97998046875,5191.9501953125,5165.85986328125,5187.669921875,3842100000,5187.669921875
^GSPC,2024-05-09,5189.02978515625,5215.2998046875,5180.41015625,5214.080078125,3727370000,5214.080078125
^GSPC,2024-05-10,5225.490234375,5239.66015625,5209.68017578125,5222.68017578125,3617900000,5222.68017578125
^GSPC,2024-05-13,5233.080078125,5237.259765625,5211.16015625,5221.419921875,4255710000,5221.419921875
^GSPC,2024-05-14,5221.10009765625,5250.3701171875,5217.97998046875,5246.68017578125,4763580000,5246.68017578125
^GSPC,2024-05-15,5263.259765625,5311.759765625,5263.259765625,5308.14990234375,4360810000,5308.14990234375
^GSPC,2024-05-16,5310.06982421875,5325.490234375,5296.18994140625,5297.10009765625,3817470000,5297.10009765625
^GSPC,2024-05-17,5303.10009765625,5305.4501953125,5283.58984375,5303.27001953125,3578120000,5303.27001953125
^GSPC,2024-05-20,5305.35009765625,5325.31982421875,5302.39990234375,5308.1298828125,3420100000,5308.1298828125
^GSPC,2024-05-21,5298.68994140625,5324.31982421875,5297.8701171875,5321.41015625,3662240000,5321.41015625
^GSPC,2024-05-22,5319.27978515625,5323.18017578125,5286.009765625,5307.009765625,3847130000,5307.009765625
^GSPC,2024-05-23,5340.259765625,5341.8798828125,5256.93017578125,5267.83984375,3869520000,5267.83984375
^GSPC,2024-05-24,5281.4501953125,5311.64990234375,5278.39013671875,5304.72021484375,3005510000,5304.72021484375
^GSPC,2024-05-28,5315.91015625,5315.91015625,5280.89013671875,5306.0400390625,3751540000,5306.0400390625
^GSPC,2024-05-29,5278.72998046875,5282.27001953125,5262.7001953125,5266.9501953125,3552750000,5266.9501953125
^GSPC,2024-05-30,5259.77001953125,5260.2099609375,5222.10009765625,5235.47998046875,3818750000,5235.47998046875
^GSPC,2024-05-31,5243.2099609375,5280.330078125,5191.68017578125,5277.509765625,5437160000,5277.509765625
^GSPC,2024-06-03,5297.14990234375,5302.10986328125,5234.31982421875,5283.39990234375,4046920000,5283.39990234375
^GSPC,2024-06-04,5278.240234375,5298.7998046875,5257.6298828125,5291.33984375,3707900000,5291.33984375
^GSPC,2024-06-05,5314.47998046875,5354.16015625,5297.64013671875,5354.02978515625,3591460000,5354.02978515625
^GSPC,2024-06-06,5357.7998046875,5362.35009765625,5335.35986328125,5352.9599609375,3609990000,5352.9599609375
^GSPC,2024-06-07,5343.81005859375,5375.080078125,5331.330078125,5346.990234375,3692760000,5346.990234375
^GSPC,2024-06-10,5341.22021484375,5365.7900390625,5331.52001953125,5360.7900390625,3622280000,5360.7900390625
^GSPC,2024-06-11,5353,5375.9501953125,5327.25,5375.31982421875,3568030000,5375.31982421875
^GSPC,2024-06-12,5409.1298828125,5447.25,5409.1298828125,5421.02978515625,3962840000,5421.02978515625
^GSPC,2024-06-13,5441.93017578125,5441.93017578125,5402.509765625,5433.740234375,3530380000,5433.740234375
^GSPC,2024-06-14,5424.080078125,5432.39013671875,5403.75,5431.60009765625,3438650000,5431.60009765625
^GSPC,2024-06-17,5431.10986328125,5488.5,5420.39990234375,5473.22998046875,3447840000,5473.22998046875
^GSPC,2024-06-18,5476.14990234375,5490.3798828125,5471.31982421875,5487.02978515625,3544330000,5487.02978515625
^GSPC,2024-06-20,5499.990234375,5505.52978515625,5455.56005859375,5473.169921875,3847060000,5473.169921875
^GSPC,2024-06-21,5466.77001953125,5478.31005859375,5452.02978515625,5464.6201171875,6773800000,5464.6201171875
^GSPC,2024-06-24,5459.580078125,5490.66015625,5447.58984375,5447.8701171875,3696750000,5447.8701171875
^GSPC,2024-06-25,5460.72998046875,5472.8798828125,5446.56005859375,5469.2998046875,3591960000,5469.2998046875
^GSPC,2024-06-26,5460.7099609375,5483.14013671875,5451.8701171875,5477.89990234375,3563920000,5477.89990234375
^GSPC,2024-06-27,5473.58984375,5490.81005859375,5467.5400390625,5482.8701171875,3589530000,5482.8701171875
^GSPC,2024-06-28,5488.47998046875,5523.64013671875,5451.1201171875,5460.47998046875,7199220000,5460.47998046875
^GSPC,2024-07-01,5471.080078125,5479.5498046875,5446.52978515625,5475.08984375,3488760000,5475.08984375
^GSPC,2024-07-02,5461.83984375,5509.68994140625,5458.43017578125,5509.009765625,3329950000,5509.009765625
^GSPC,2024-07-03,5507.43994140625,5539.27001953125,5507.419921875,5537.02001953125,2179470000,5537.02001953125
^GSPC,2024-07-05,5537.91015625,5570.330078125,5531.6298828125,5567.18994140625,3253080000,5567.18994140625
^GSPC,2024-07-08,5572.75,5583.10986328125,5562.509765625,5572.85009765625,3185670000,5572.85009765625
^GSPC,2024-07-09,5584.240234375,5590.75,5574.56982421875,5576.97998046875,3232920000,5576.97998046875
^GSPC,2024-07-10,5591.259765625,5635.39013671875,5586.43994140625,5633.91015625,3336100000,5633.91015625
^GSPC,2024-07-11,5635.2099609375,5642.4501953125,5576.52978515625,5584.5400390625,4020950000,5584.5400390625
^GSPC,2024-07-12,5590.759765625,5655.56005859375,5590.43994140625,5615.35009765625,3700280000,5615.35009765625
^GSPC,2024-07-15,5638.16015625,5666.93994140625,5614.75,5631.22021484375,3620470000,5631.22021484375
^GSPC,2024-07-16,5644.08984375,5669.669921875,5639.02001953125,5667.2001953125,4041760000,5667.2001953125
^GSPC,2024-07-17,5610.06982421875,5622.490234375,5584.81005859375,5588.27001953125,4246450000,5588.27001953125
^GSPC,2024-07-18,5608.56005859375,5614.0498046875,5522.81005859375,5544.58984375,4007510000,5544.58984375
^GSPC,2024-07-19,5543.3701171875,5557.5,5497.0400390625,5505,3760570000,5505
^GSPC,2024-07-22,5544.5400390625,5570.35986328125,5529.0400390625,5564.41015625,3375180000,5564.41015625
^GSPC,2024-07-23,5565.2998046875,5585.33984375,5550.89990234375,5555.740234375,3500210000,5555.740234375
^GSPC,2024-07-24,5505.83984375,5508.0400390625,5419.97998046875,5427.1298828125,3945550000,5427.1298828125
^GSPC,2024-07-25,5428.7001953125,5491.58984375,5390.9501953125,5399.22021484375,4592120000,5399.22021484375
^GSPC,2024-07-26,5433.669921875,5488.31982421875,5430.7001953125,5459.10009765625,3638770000,5459.10009765625
^GSPC,2024-07-29,5476.5498046875,5487.740234375,5444.43994140625,5463.5400390625,3379970000,5463.5400390625
^GSPC,2024-07-30,5478.72998046875,5489.4599609375,5401.7001953125,5436.43994140625,3777740000,5436.43994140625
^GSPC,2024-07-31,5505.58984375,5551.509765625,5493.75,5522.2998046875,4546910000,5522.2998046875
^GSPC,2024-08-01,5537.83984375,5566.16015625,5410.419921875,5446.68017578125,4703620000,5446.68017578125
^GSPC,2024-08-02,5376.6298828125,5383.89013671875,5302.02978515625,5346.56005859375,5156450000,5346.56005859375
^GSPC,2024-08-05,5151.14013671875,5250.89013671875,5119.259765625,5186.330078125,5333250000,5186.330078125
^GSPC,2024-08-06,5206.419921875,5312.33984375,5193.56005859375,5240.02978515625,4690190000,5240.02978515625
^GSPC,2024-08-07,5293.1298828125,5330.64013671875,5195.5400390625,5199.5,4558260000,5199.5
^GSPC,2024-08-08,5252.56982421875,5328.02978515625,5233.85009765625,5319.31005859375,4016830000,5319.31005859375
^GSPC,2024-08-09,5314.66015625,5358.669921875,5300.83984375,5344.16015625,3516400000,5344.16015625
^GSPC,2024-08-12,5351.8798828125,5371.2001953125,5324.3701171875,5344.39013671875,3360160000,5344.39013671875
^GSPC,2024-08-13,5376.97998046875,5436.5,5376.97998046875,5434.43017578125,3648980000,5434.43017578125
^GSPC,2024-08-14,5442.35986328125,5463.22021484375,5415.91015625,5455.2099609375,3380050000,5455.2099609375
^GSPC,2024-08-15,5501.1298828125,5546.22998046875,5501.1298828125,5543.22021484375,3723310000,5543.22021484375
^GSPC,2024-08-16,5530.5,5561.97998046875,5525.169921875,5554.25,3357690000,5554.25
^GSPC,2024-08-19,5557.22998046875,5608.2998046875,5550.740234375,5608.25,3222050000,5608.25
^GSPC,2024-08-20,5602.8798828125,5620.509765625,5585.5,5597.1201171875,2994420000,5597.1201171875
^GSPC,2024-08-21,5603.08984375,5632.68017578125,5591.56982421875,5620.85009765625,3119670000,5620.85009765625
^GSPC,2024-08-22,5637.77001953125,5643.22021484375,5560.9501953125,5570.64013671875,2981530000,5570.64013671875
^GSPC,2024-08-23,5602.490234375,5641.81982421875,5585.16015625,5634.60986328125,3291940000,5634.60986328125
^GSPC,2024-08-26,5639.66015625,5651.6201171875,5602.33984375,5616.83984375,2938570000,5616.83984375
^GSPC,2024-08-27,5602.89013671875,5631.18017578125,5593.47998046875,5625.7998046875,2798990000,5625.7998046875
^GSPC,2024-08-28,5624.509765625,5627.02978515625,5560.9501953125,5592.18017578125,3053450000,5592.18017578125
^GSPC,2024-08-29,5607.2998046875,5646.9501953125,5583.7099609375,5591.9599609375,3065640000,5591.9599609375
^GSPC,2024-08-30,5612.740234375,5651.3701171875,5581.7900390625,5648.39990234375,4185850000,5648.39990234375
^GSPC,2024-09-03,5623.89013671875,5623.89013671875,5504.330078125,5528.93017578125,3866350000,5528.93017578125
^GSPC,2024-09-04,5506.68017578125,5552.990234375,5503.66015625,5520.06982421875,3478140000,5520.06982421875
^GSPC,2024-09-05,5520.080078125,5546.2998046875,5480.5400390625,5503.41015625,3521650000,5503.41015625
^GSPC,2024-09-06,5507.330078125,5522.47021484375,5402.6201171875,5408.419921875,3822800000,5408.419921875
^GSPC,2024-09-09,5442.06982421875,5484.2001953125,5434.490234375,5471.0498046875,3825940000,5471.0498046875
^GSPC,2024-09-10,5490.509765625,5497.91015625,5441.72021484375,5495.52001953125,3848180000,5495.52001953125
^GSPC,2024-09-11,5496.419921875,5560.41015625,5406.9599609375,5554.1298828125,3839450000,5554.1298828125
^GSPC,2024-09-12,5557.47998046875,5600.7099609375,5535.5,5595.759765625,3655070000,5595.759765625
^GSPC,2024-09-13,5603.33984375,5636.27001953125,5601.64990234375,5626.02001953125,3500790000,5626.02001953125
^GSPC,2024-09-16,5615.2099609375,5636.0498046875,5604.52978515625,5633.08984375,3437070000,5633.08984375
^GSPC,2024-09-17,5655.509765625,5670.81005859375,5614.0498046875,5634.580078125,3443600000,5634.580078125
^GSPC,2024-09-18,5641.68017578125,5689.75,5615.080078125,5618.259765625,3691390000,5618.259765625
^GSPC,2024-09-19,5702.6298828125,5733.56982421875,5686.419921875,5713.64013671875,4024530000,5713.64013671875
^GSPC,2024-09-20,5709.64013671875,5715.14013671875,5674.490234375,5702.5498046875,7867260000,5702.5498046875
^GSPC,2024-09-23,5711.89990234375,5725.35986328125,5704.22021484375,5718.56982421875,3529550000,5718.56982421875
^GSPC,2024-09-24,5727.66015625,5735.31982421875,5698.990234375,5732.93017578125,3872710000,5732.93017578125
^GSPC,2024-09-25,5733.64990234375,5741.02978515625,5712.06005859375,5722.259765625,3624910000,5722.259765625
^GSPC,2024-09-26,5762.22021484375,5767.3701171875,5721.009765625,5745.3701171875,4391180000,5745.3701171875
^GSPC,2024-09-27,5755.35986328125,5763.77978515625,5727.33984375,5738.169921875,3898530000,5738.169921875
^GSPC,2024-09-30,5726.52001953125,5765.14013671875,5703.52978515625,5762.47998046875,4425730000,5762.47998046875
^GSPC,2024-10-01,5757.72998046875,5757.72998046875,5681.27978515625,5708.75,4025180000,5708.75
^GSPC,2024-10-02,5698.14013671875,5719.6298828125,5674,5709.5400390625,3829050000,5709.5400390625
^GSPC,2024-10-03,5698.18994140625,5718.77978515625,5677.3701171875,5699.93994140625,3597450000,5699.93994140625
^GSPC,2024-10-04,5737.47998046875,5753.2099609375,5702.830078125,5751.06982421875,3479400000,5751.06982421875
^GSPC,2024-10-07,5737.7998046875,5739.33984375,5686.85009765625,5695.93994140625,3637790000,5695.93994140625
^GSPC,2024-10-08,5719.14013671875,5757.60009765625,5714.56005859375,5751.1298828125,3393400000,5751.1298828125
^GSPC,2024-10-09,5751.7998046875,5796.7998046875,5745.02001953125,5792.0400390625,3650340000,5792.0400390625
^GSPC,2024-10-10,5778.35986328125,5795.02978515625,5764.759765625,5780.0498046875,3208790000,5780.0498046875
^GSPC,2024-10-11,5775.08984375,5822.1298828125,5775.08984375,5815.02978515625,3208720000,5815.02978515625
^GSPC,2024-10-14,5829.81005859375,5871.41015625,5829.56982421875,5859.85009765625,3005250000,5859.85009765625
^GSPC,2024-10-15,5866.740234375,5870.35986328125,5804.47998046875,5815.259765625,3882120000,5815.259765625
^GSPC,2024-10-16,5816.580078125,5846.52001953125,5808.33984375,5842.47021484375,3467230000,5842.47021484375
^GSPC,2024-10-17,5875.6201171875,5878.4599609375,5840.25,5841.47021484375,3480010000,5841.47021484375
^GSPC,2024-10-18,5859.43017578125,5872.169921875,5846.10986328125,5864.669921875,3374490000,5864.669921875
^GSPC,2024-10-21,5857.81982421875,5866.919921875,5824.7900390625,5853.97998046875,3407010000,5853.97998046875
^GSPC,2024-10-22,5832.7001953125,5863.0400390625,5821.169921875,5851.2001953125,3342080000,5851.2001953125
^GSPC,2024-10-23,5834.5,5834.85009765625,5762.41015625,5797.419921875,3532650000,5797.419921875
^GSPC,2024-10-24,5817.7998046875,5817.7998046875,5784.919921875,5809.85986328125,3543030000,5809.85986328125
^GSPC,2024-10-25,5826.75,5862.81982421875,5799.97998046875,5808.1201171875,3501280000,5808.1201171875
^GSPC,2024-10-28,5833.93017578125,5842.919921875,5823.080078125,5823.52001953125,3691280000,5823.52001953125
^GSPC,2024-10-29,5819.68017578125,5847.18994140625,5802.169921875,5832.919921875,3879100000,5832.919921875
^GSPC,2024-10-30,5832.64990234375,5850.93994140625,5811.27978515625,5813.669921875,3851120000,5813.669921875
^GSPC,2024-10-31,5775.33984375,5775.33984375,5702.85986328125,5705.4501953125,4425660000,5705.4501953125
^GSPC,2024-11-01,5723.22021484375,5772.52001953125,5723.22021484375,5728.7998046875,3796450000,5728.7998046875
^GSPC,2024-11-04,5725.14990234375,5741.43017578125,5696.509765625,5712.68994140625,3602060000,5712.68994140625
^GSPC,2024-11-05,5722.43017578125,5783.43994140625,5722.10009765625,5782.759765625,3768310000,5782.759765625
^GSPC,2024-11-06,5864.89013671875,5936.14013671875,5864.89013671875,5929.0400390625,6329530000,5929.0400390625
^GSPC,2024-11-07,5947.2099609375,5983.83984375,5947.2099609375,5973.10009765625,4925740000,5973.10009765625
^GSPC,2024-11-08,5976.759765625,6012.4501953125,5976.759765625,5995.5400390625,4666740000,5995.5400390625
^GSPC,2024-11-11,6008.85986328125,6017.31005859375,5986.68994140625,6001.35009765625,4333000000,6001.35009765625
^GSPC,2024-11-12,6003.60009765625,6009.919921875,5960.080078125,5983.990234375,4243400000,5983.990234375
^GSPC,2024-11-13,5985.75,6008.18994140625,5965.91015625,5985.3798828125,4220180000,5985.3798828125
^GSPC,2024-11-14,5989.68017578125,5993.8798828125,5942.27978515625,5949.169921875,4184570000,5949.169921875
^GSPC,2024-11-15,5912.7900390625,5915.31982421875,5853.009765625,5870.6201171875,4590960000,5870.6201171875
^GSPC,2024-11-18,5874.169921875,5908.1201171875,5865.9501953125,5893.6201171875,3983860000,5893.6201171875
^GSPC,2024-11-19,5870.0498046875,5923.509765625,5855.2900390625,5916.97998046875,4036940000,5916.97998046875
^GSPC,2024-11-20,5914.33984375,5920.669921875,5860.56005859375,5917.10986328125,3772620000,5917.10986328125
^GSPC,2024-11-21,5940.580078125,5963.31982421875,5887.259765625,5948.7099609375,4230120000,5948.7099609375
^GSPC,2024-11-22,5944.35986328125,5972.89990234375,5944.35986328125,5969.33984375,4141420000,5969.33984375
^GSPC,2024-11-25,5992.27978515625,6020.75,5963.91015625,5987.3701171875,5633150000,5987.3701171875
^GSPC,2024-11-26,6000.02978515625,6025.419921875,5992.27001953125,6021.6298828125,3835170000,6021.6298828125
^GSPC,2024-11-27,6014.10986328125,6020.16015625,5984.8701171875,5998.740234375,3363340000,5998.740234375
^GSPC,2024-11-29,6003.97998046875,6044.169921875,6003.97998046875,6032.3798828125,2444420000,6032.3798828125
^GSPC,2024-12-02,6040.10986328125,6053.580078125,6035.330078125,6047.14990234375,4412470000,6047.14990234375
^GSPC,2024-12-03,6042.97021484375,6052.06982421875,6033.39013671875,6049.8798828125,4095000000,6049.8798828125
^GSPC,2024-12-04,6069.39013671875,6089.83984375,6061.06005859375,6086.490234375,4003390000,6086.490234375
^GSPC,2024-12-05,6089.02978515625,6094.5498046875,6072.89990234375,6075.10986328125,4212020000,6075.10986328125
^GSPC,2024-12-06,6081.3798828125,6099.97021484375,6079.97998046875,6090.27001953125,3924830000,6090.27001953125
^GSPC,2024-12-09,6083.009765625,6088.509765625,6048.6298828125,6052.85009765625,4556460000,6052.85009765625
^GSPC,2024-12-10,6057.58984375,6065.39990234375,6029.89013671875,6034.91015625,4048410000,6034.91015625
^GSPC,2024-12-11,6060.14990234375,6092.58984375,6060.14990234375,6084.18994140625,4269950000,6084.18994140625
^GSPC,2024-12-12,6074.2900390625,6079.68017578125,6051.25,6051.25,3678010000,6051.25
^GSPC,2024-12-13,6068.169921875,6078.580078125,6035.77001953125,6051.08984375,3584960000,6051.08984375
^GSPC,2024-12-16,6063.7900390625,6085.18994140625,6059.14013671875,6074.080078125,4391100000,6074.080078125
^GSPC,2024-12-17,6052.5498046875,6057.68017578125,6035.18994140625,6050.60986328125,4544500000,6050.60986328125
^GSPC,2024-12-18,6047.64990234375,6070.669921875,5867.7900390625,5872.16015625,5246960000,5872.16015625
^GSPC,2024-12-19,5912.7099609375,5935.52001953125,5866.06982421875,5867.080078125,4896880000,5867.080078125
^GSPC,2024-12-20,5842,5982.06005859375,5832.2998046875,5930.85009765625,8223220000,5930.85009765625
^GSPC,2024-12-23,5940.25,5978.25,5902.56982421875,5974.06982421875,3593280000,5974.06982421875
^GSPC,2024-12-24,5984.6298828125,6040.10009765625,5981.43994140625,6040.0400390625,1757720000,6040.0400390625
^GSPC,2024-12-26,6024.97021484375,6049.75,6007.3701171875,6037.58984375,2904530000,6037.58984375
^GSPC,2024-12-27,6006.169921875,6006.169921875,5932.9501953125,5970.83984375,3159610000,5970.83984375
^GSPC,2024-12-30,5920.669921875,5940.7900390625,5869.16015625,5906.93994140625,3433250000,5906.93994140625
^GSPC,2024-12-31,5919.740234375,5929.740234375,5868.85986328125,5881.6298828125,3128350000,5881.6298828125
^GSPC,2025-01-02,5903.259765625,5935.08984375,5829.52978515625,5868.5498046875,3621680000,5868.5498046875
^GSPC,2025-01-03,5891.06982421875,5949.33984375,5888.66015625,5942.47021484375,3667340000,5942.47021484375
^GSPC,2025-01-06,5982.81005859375,6021.0400390625,5960.009765625,5975.3798828125,4940120000,5975.3798828125
^GSPC,2025-01-07,5993.259765625,6000.68017578125,5890.68017578125,5909.02978515625,4517330000,5909.02978515625
^GSPC,2025-01-08,5910.66015625,5927.89013671875,5874.77978515625,5918.25,4441740000,5918.25
^GSPC,2025-01-10,5890.35009765625,5890.35009765625,5807.77978515625,5827.0400390625,4751930000,5827.0400390625
^GSPC,2025-01-13,5782.02001953125,5838.60986328125,5773.31005859375,5836.22021484375,4421200000,5836.22021484375
^GSPC,2025-01-14,5859.27001953125,5871.919921875,5805.419921875,5842.91015625,4142280000,5842.91015625
^GSPC,2025-01-15,5905.2099609375,5960.60986328125,5905.2099609375,5949.91015625,4544570000,5949.91015625
^GSPC,2025-01-16,5963.60986328125,5964.68994140625,5930.72021484375,5937.33984375,4285810000,5937.33984375
^GSPC,2025-01-17,5995.39990234375,6014.9599609375,5978.43994140625,5996.66015625,4366830000,5996.66015625
^GSPC,2025-01-21,6014.1201171875,6051.509765625,6006.8798828125,6049.240234375,4702920000,6049.240234375
^GSPC,2025-01-22,6081.39013671875,6100.81005859375,6076.1298828125,6086.3701171875,4323040000,6086.3701171875
^GSPC,2025-01-23,6076.31982421875,6118.72998046875,6074.669921875,6118.7099609375,4432250000,6118.7099609375
^GSPC,2025-01-24,6121.43017578125,6128.18017578125,6088.740234375,6101.240234375,4214250000,6101.240234375
^GSPC,2025-01-27,5969.0400390625,6017.169921875,5962.919921875,6012.27978515625,5198750000,6012.27978515625
^GSPC,2025-01-28,6026.97021484375,6074.5400390625,5994.6298828125,6067.7001953125,4473640000,6067.7001953125
^GSPC,2025-01-29,6057.7001953125,6062.830078125,6012.9599609375,6039.31005859375,4115310000,6039.31005859375
^GSPC,2025-01-30,6050.75,6086.64013671875,6027.4599609375,6071.169921875,4634620000,6071.169921875
^GSPC,2025-01-31,6096.7900390625,6120.91015625,6030.93017578125,6040.52978515625,4843770000,6040.52978515625
^GSPC,2025-02-03,5969.64990234375,6022.1298828125,5923.93017578125,5994.56982421875,4797210000,5994.56982421875
^GSPC,2025-02-04,5998.14013671875,6042.47998046875,5990.8701171875,6037.8798828125,4410160000,6037.8798828125
^GSPC,2025-02-05,6020.4501953125,6062.85986328125,6007.06005859375,6061.47998046875,4756250000,6061.47998046875
^GSPC,2025-02-06,6072.22021484375,6084.02978515625,6046.830078125,6083.56982421875,4847120000,6083.56982421875
^GSPC,2025-02-07,6083.1298828125,6101.27978515625,6019.9599609375,6025.990234375,4766900000,6025.990234375
^GSPC,2025-02-10,6046.39990234375,6073.3798828125,6044.83984375,6066.43994140625,4458760000,6066.43994140625
^GSPC,2025-02-11,6049.31982421875,6076.27978515625,6042.33984375,6068.5,4324880000,6068.5
^GSPC,2025-02-12,6025.080078125,6063,6003,6051.97021484375,4627960000,6051.97021484375
^GSPC,2025-02-13,6060.58984375,6116.91015625,6050.9501953125,6115.06982421875,4763800000,6115.06982421875
^GSPC,2025-02-14,6115.52001953125,6127.47021484375,6107.6201171875,6114.6298828125,4335190000,6114.6298828125
^GSPC,2025-02-18,6121.60009765625,6129.6298828125,6099.509765625,6129.580078125,4684980000,6129.580078125
^GSPC,2025-02-19,6117.759765625,6147.43017578125,6111.14990234375,6144.14990234375,4562330000,6144.14990234375
^GSPC,2025-02-20,6134.5,6134.5,6084.58984375,6117.52001953125,4813690000,6117.52001953125
^GSPC,2025-02-21,6114.10009765625,6114.81982421875,6008.56005859375,6013.1298828125,5434560000,6013.1298828125
^GSPC,2025-02-24,6026.68994140625,6043.64990234375,5977.830078125,5983.25,4990120000,5983.25
^GSPC,2025-02-25,5982.72998046875,5992.64990234375,5908.490234375,5955.25,5374690000,5955.25
^GSPC,2025-02-26,5970.8701171875,6009.81982421875,5932.68994140625,5956.06005859375,4869580000,5956.06005859375
^GSPC,2025-02-27,5981.8798828125,5993.68994140625,5858.77978515625,5861.56982421875,5057680000,5861.56982421875
^GSPC,2025-02-28,5856.740234375,5959.39990234375,5837.66015625,5954.5,6441140000,5954.5
^GSPC,2025-03-03,5968.330078125,5986.08984375,5810.91015625,5849.72021484375,5613850000,5849.72021484375
^GSPC,2025-03-04,5811.97998046875,5865.080078125,5732.58984375,5778.14990234375,6138110000,5778.14990234375
^GSPC,2025-03-05,5781.35986328125,5860.58984375,5742.35009765625,5842.6298828125,5285970000,5842.6298828125
^GSPC,2025-03-06,5785.8701171875,5812.080078125,5711.64013671875,5738.52001953125,5165080000,5738.52001953125
^GSPC,2025-03-07,5726.009765625,5783.009765625,5666.2900390625,5770.2001953125,5705140000,5770.2001953125
^GSPC,2025-03-10,5705.3701171875,5705.3701171875,5564.02001953125,5614.56005859375,6409370000,5614.56005859375
^GSPC,2025-03-11,5603.64990234375,5636.2998046875,5528.41015625,5572.06982421875,6221240000,5572.06982421875
^GSPC,2025-03-12,5624.83984375,5642.18994140625,5546.08984375,5599.2998046875,5219830000,5599.2998046875
^GSPC,2025-03-13,5594.4501953125,5597.77978515625,5504.64990234375,5521.52001953125,5018980000,5521.52001953125
^GSPC,2025-03-14,5563.85009765625,5645.27001953125,5563.85009765625,5638.93994140625,4863180000,5638.93994140625
^GSPC,2025-03-17,5635.60009765625,5703.52001953125,5631.1201171875,5675.1201171875,5031770000,5675.1201171875
^GSPC,2025-03-18,5654.52978515625,5654.52978515625,5597.759765625,5614.66015625,4666270000,5614.66015625
^GSPC,2025-03-19,5632.3701171875,5715.330078125,5622.2001953125,5675.2900390625,4660090000,5675.2900390625
^GSPC,2025-03-20,5646.919921875,5711.14990234375,5632.330078125,5662.89013671875,4678420000,5662.89013671875
^GSPC,2025-03-21,5630.72998046875,5670.83984375,5603.10009765625,5667.56005859375,9367460000,5667.56005859375
^GSPC,2025-03-24,5718.080078125,5775.14013671875,5718.080078125,5767.56982421875,4517990000,5767.56982421875
^GSPC,2025-03-25,5775.9599609375,5786.9501953125,5760.419921875,5776.64990234375,4467340000,5776.64990234375
^GSPC,2025-03-26,5771.66015625,5783.6201171875,5694.41015625,5712.2001953125,4183140000,5712.2001953125
^GSPC,2025-03-27,5695.64013671875,5732.27978515625,5670.93994140625,5693.31005859375,4403460000,5693.31005859375
^GSPC,2025-03-28,5679.2001953125,5685.89013671875,5572.419921875,5580.93994140625,4513330000,5580.93994140625
^GSPC,2025-03-31,5527.91015625,5627.56005859375,5488.72998046875,5611.85009765625,5257250000,5611.85009765625
^GSPC,2025-04-01,5597.52978515625,5650.56982421875,5558.52001953125,5633.06982421875,4434500000,5633.06982421875
^GSPC,2025-04-02,5580.759765625,5695.31005859375,5571.47998046875,5670.97021484375,4243830000,5670.97021484375
^GSPC,2025-04-03,5492.740234375,5499.52978515625,5390.830078125,5396.52001953125,7210470000,5396.52001953125
^GSPC,2025-04-04,5292.14013671875,5292.14013671875,5069.89990234375,5074.080078125,8853500000,5074.080078125
^GSPC,2025-04-07,4953.7900390625,5246.56982421875,4835.0400390625,5062.25,8691980000,5062.25
^GSPC,2025-04-08,5193.56982421875,5267.47021484375,4910.419921875,4982.77001953125,7408140000,4982.77001953125
^GSPC,2025-04-09,4965.27978515625,5481.33984375,4948.43017578125,5456.89990234375,9489600000,5456.89990234375
^GSPC,2025-04-10,5353.14990234375,5353.14990234375,5115.27001953125,5268.0498046875,6677140000,5268.0498046875
^GSPC,2025-04-11,5255.56005859375,5381.4599609375,5220.77001953125,5363.35986328125,5602550000,5363.35986328125
^GSPC,2025-04-14,5441.9599609375,5459.4599609375,5358.02001953125,5405.97021484375,5031440000,5405.97021484375
^GSPC,2025-04-15,5411.990234375,5450.41015625,5386.43994140625,5396.6298828125,4317110000,5396.6298828125
^GSPC,2025-04-16,5335.75,5367.240234375,5220.7900390625,5275.7001953125,4607750000,5275.7001953125
^GSPC,2025-04-17,5305.4501953125,5328.31005859375,5255.580078125,5282.7001953125,4714880000,5282.7001953125
^GSPC,2025-04-21,5232.93994140625,5232.93994140625,5101.6298828125,5158.2001953125,4226340000,5158.2001953125
^GSPC,2025-04-22,5207.669921875,5309.60986328125,5207.669921875,5287.759765625,4666950000,5287.759765625
^GSPC,2025-04-23,5395.919921875,5469.68994140625,5356.169921875,5375.85986328125,5371390000,5375.85986328125
^GSPC,2025-04-24,5381.3798828125,5489.39990234375,5371.9599609375,5484.77001953125,4697710000,5484.77001953125
^GSPC,2025-04-25,5489.72998046875,5528.10986328125,5455.85986328125,5525.2099609375,4236580000,5525.2099609375
^GSPC,2025-04-28,5529.22021484375,5553.66015625,5468.64013671875,5528.75,4257880000,5528.75
^GSPC,2025-04-29,5508.8701171875,5571.9501953125,5505.7001953125,5560.830078125,4747150000,5560.830078125
^GSPC,2025-04-30,5499.43994140625,5581.83984375,5433.240234375,5569.06005859375,5449490000,5569.06005859375
^GSPC,2025-05-01,5625.14013671875,5658.91015625,5597.35009765625,5604.14013671875,4935270000,5604.14013671875
^GSPC,2025-05-02,5645.8798828125,5700.7001953125,5642.27978515625,5686.669921875,4854380000,5686.669921875
^GSPC,2025-05-05,5655.31982421875,5683.3798828125,5634.47998046875,5650.3798828125,4358260000,5650.3798828125
^GSPC,2025-05-06,5605.8701171875,5649.580078125,5586.0400390625,5606.91015625,4717260000,5606.91015625
^GSPC,2025-05-07,5614.18017578125,5654.72998046875,5578.64013671875,5631.27978515625,4987440000,5631.27978515625
^GSPC,2025-05-08,5663.60009765625,5720.10009765625,5635.3798828125,5663.93994140625,5627400000,5663.93994140625
^GSPC,2025-05-09,5679.64990234375,5691.68994140625,5644.14990234375,5659.91015625,4645090000,5659.91015625
^GSPC,2025-05-12,5807.2001953125,5845.3701171875,5786.080078125,5844.18994140625,6014580000,5844.18994140625
^GSPC,2025-05-13,5854.14990234375,5906.64013671875,5845.02001953125,5886.5498046875,5516290000,5886.5498046875
^GSPC,2025-05-14,5896.740234375,5906.5498046875,5872.10986328125,5892.580078125,5233450000,5892.580078125
^GSPC,2025-05-15,5869.81982421875,5924.2099609375,5865.16015625,5916.93017578125,4991290000,5916.93017578125
^GSPC,2025-05-16,5929.08984375,5958.6201171875,5907.35986328125,5958.3798828125,4850850000,5958.3798828125
^GSPC,2025-05-19,5902.8798828125,5968.60986328125,5895.68994140625,5963.60009765625,4144010000,5963.60009765625
^GSPC,2025-05-20,5944.66015625,5953.06005859375,5909.259765625,5940.4599609375,4416850000,5940.4599609375
^GSPC,2025-05-21,5910.18017578125,5938.3701171875,5830.91015625,5844.60986328125,5254250000,5844.60986328125
^GSPC,2025-05-22,5841.259765625,5878.080078125,5825.81982421875,5842.009765625,5157050000,5842.009765625
^GSPC,2025-05-23,5781.89013671875,5829.509765625,5767.41015625,5802.81982421875,4662820000,5802.81982421875
^GSPC,2025-05-27,5854.06982421875,5924.330078125,5854.06982421875,5921.5400390625,5366380000,5921.5400390625
^GSPC,2025-05-28,5925.5400390625,5939.919921875,5881.8798828125,5888.5498046875,4665050000,5888.5498046875
^GSPC,2025-05-29,5939.9599609375,5943.1298828125,5873.7998046875,5912.169921875,4569750000,5912.169921875
^GSPC,2025-05-30,5903.669921875,5922.14013671875,5843.66015625,5911.68994140625,6378540000,5911.68994140625
^GSPC,2025-06-02,5896.68017578125,5937.39990234375,5861.43017578125,5935.93994140625,4832240000,5935.93994140625
^GSPC,2025-06-03,5938.56005859375,5981.35009765625,5929,5970.3701171875,5026680000,5970.3701171875
^GSPC,2025-06-04,5978.93994140625,5990.47998046875,5966.10986328125,5970.81005859375,4767050000,5970.81005859375
^GSPC,2025-06-05,5985.669921875,5999.7001953125,5921.2001953125,5939.2998046875,5091850000,5939.2998046875
^GSPC,2025-06-06,5987.06005859375,6016.8701171875,5978.6298828125,6000.35986328125,4355710000,6000.35986328125
^GSPC,2025-06-09,6004.6298828125,6021.31005859375,5994.18017578125,6005.8798828125,4642360000,6005.8798828125
^GSPC,2025-06-10,6009.91015625,6043.009765625,6000.27978515625,6038.81005859375,4882880000,6038.81005859375
^GSPC,2025-06-11,6049.3798828125,6059.39990234375,6002.31982421875,6022.240234375,5111550000,6022.240234375
^GSPC,2025-06-12,6009.89990234375,6045.43017578125,6003.8798828125,6045.259765625,4669500000,6045.259765625
^GSPC,2025-06-13,6000.56005859375,6026.16015625,5963.2099609375,5976.97021484375,5258910000,5976.97021484375
^GSPC,2025-06-16,6004,6050.830078125,6004,6033.10986328125,5111710000,6033.10986328125
^GSPC,2025-06-17,6012.14990234375,6023.25,5974.7998046875,5982.72021484375,4955700000,5982.72021484375
^GSPC,2025-06-18,5987.93017578125,6018.25,5971.89013671875,5980.8701171875,5106470000,5980.8701171875
^GSPC,2025-06-20,5999.669921875,6018.2001953125,5952.56005859375,5967.83984375,7451500000,5967.83984375
^GSPC,2025-06-23,5969.669921875,6028.77001953125,5943.22998046875,6025.169921875,5597000000,6025.169921875
^GSPC,2025-06-24,6061.2099609375,6101.759765625,6059.25,6092.18017578125,5443690000,6092.18017578125
^GSPC,2025-06-25,6104.22998046875,6108.509765625,6080.08984375,6092.16015625,5171110000,6092.16015625
^GSPC,2025-06-26,6112.08984375,6146.52001953125,6107.27001953125,6141.02001953125,5308140000,6141.02001953125
^GSPC,2025-06-27,6150.7001953125,6187.68017578125,6132.35009765625,6173.06982421875,7889350000,6173.06982421875
^GSPC,2025-06-30,6193.35986328125,6215.080078125,6174.97021484375,6204.9501953125,5782900000,6204.9501953125
^GSPC,2025-07-01,6187.25,6210.77978515625,6177.97021484375,6198.009765625,6275310000,6198.009765625
^GSPC,2025-07-02,6193.8798828125,6227.60009765625,6188.2900390625,6227.419921875,5645710000,6227.419921875
^GSPC,2025-07-03,6246.4599609375,6284.64990234375,6246.4599609375,6279.35009765625,3378110000,6279.35009765625
^GSPC,2025-07-07,6259.0400390625,6262.06982421875,6201,6229.97998046875,5236740000,6229.97998046875
^GSPC,2025-07-08,6234.02978515625,6242.7001953125,6217.75,6225.52001953125,5739030000,6225.52001953125
^GSPC,2025-07-09,6243.330078125,6269.16015625,6231.43017578125,6263.259765625,4813340000,6263.259765625
^GSPC,2025-07-10,6266.7998046875,6290.22021484375,6251.43994140625,6280.4599609375,5367350000,6280.4599609375
^GSPC,2025-07-11,6255.68017578125,6269.43994140625,6237.60009765625,6259.75,4656210000,6259.75
^GSPC,2025-07-14,6255.14990234375,6273.31005859375,6239.22021484375,6268.56005859375,4722250000,6268.56005859375
^GSPC,2025-07-15,6295.2900390625,6302.0400390625,6241.68017578125,6243.759765625,5133670000,6243.759765625
^GSPC,2025-07-16,6254.5,6268.1201171875,6201.58984375,6263.7001953125,5177460000,6263.7001953125
^GSPC,2025-07-17,6263.39990234375,6304.68994140625,6262.27001953125,6297.35986328125,5512290000,6297.35986328125
^GSPC,2025-07-18,6312.9501953125,6315.60986328125,6285.27001953125,6296.7900390625,5184700000,6296.7900390625
^GSPC,2025-07-21,6304.740234375,6336.080078125,6303.7900390625,6305.60009765625,5010840000,6305.60009765625
^GSPC,2025-07-22,6306.60009765625,6316.1201171875,6281.7099609375,6309.6201171875,5662040000,6309.6201171875
^GSPC,2025-07-23,6326.89990234375,6360.64013671875,6317.490234375,6358.91015625,5642510000,6358.91015625
^GSPC,2025-07-24,6368.60009765625,6381.31005859375,6360.56982421875,6363.35009765625,5282720000,6363.35009765625
^GSPC,2025-07-25,6370.009765625,6395.81982421875,6368.52978515625,6388.64013671875,4470720000,6388.64013671875
^GSPC,2025-07-28,6397.68994140625,6401.06982421875,6375.7900390625,6389.77001953125,4565620000,6389.77001953125
^GSPC,2025-07-29,6405.6201171875,6409.259765625,6363.919921875,6370.85986328125,5076120000,6370.85986328125
^GSPC,2025-07-30,6381.22998046875,6396.5400390625,6336.3798828125,6362.89990234375,5375070000,6362.89990234375
^GSPC,2025-07-31,6427.02001953125,6427.02001953125,6327.64013671875,6339.39013671875,6077080000,6339.39013671875
^GSPC,2025-08-01,6287.27978515625,6287.27978515625,6212.68994140625,6238.009765625,5827150000,6238.009765625
^GSPC,2025-08-04,6271.7099609375,6330.68994140625,6271.7099609375,6329.93994140625,4842580000,6329.93994140625
^GSPC,2025-08-05,6336.6298828125,6346,6289.3701171875,6299.18994140625,5517410000,6299.18994140625
^GSPC,2025-08-06,6309.2998046875,6352.830078125,6301.10986328125,6345.06005859375,5408560000,6345.06005859375
^GSPC,2025-08-07,6374.31982421875,6389.7099609375,6310.31982421875,6340,5306090000,6340
^GSPC,2025-08-08,6355.22021484375,6395.16015625,6355.22021484375,6389.4501953125,4769910000,6389.4501953125
^GSPC,2025-08-11,6389.669921875,6407.25,6364.06005859375,6373.4501953125,4652400000,6373.4501953125
^GSPC,2025-08-12,6395.169921875,6446.5498046875,6385.759765625,6445.759765625,5135300000,6445.759765625
^GSPC,2025-08-13,6462.669921875,6480.27978515625,6445.02001953125,6466.580078125,5195950000,6466.580078125
^GSPC,2025-08-14,6453.4599609375,6473.919921875,6441.06982421875,6468.5400390625,4462050000,6468.5400390625
^GSPC,2025-08-15,6477.3798828125,6481.33984375,6441.85009765625,6449.7998046875,4575060000,6449.7998046875
^GSPC,2025-08-18,6445.02001953125,6455.35009765625,6437.7001953125,6449.14990234375,4162290000,6449.14990234375
^GSPC,2025-08-19,6446.240234375,6456.47998046875,6400.22021484375,6411.3701171875,4377440000,6411.3701171875
^GSPC,2025-08-20,6406.6201171875,6408.39990234375,6343.85986328125,6395.77978515625,4470390000,6395.77978515625
^GSPC,2025-08-21,6380.830078125,6393.64990234375,6352.7099609375,6370.169921875,4013560000,6370.169921875
^GSPC,2025-08-22,6384.58984375,6478.89013671875,6384.58984375,6466.91015625,5046860000,6466.91015625
^GSPC,2025-08-25,6457.669921875,6466.89013671875,6438.06005859375,6439.31982421875,4059070000,6439.31982421875
^GSPC,2025-08-26,6435.490234375,6468.3701171875,6429.2099609375,6465.93994140625,4867680000,6465.93994140625
^GSPC,2025-08-27,6462.259765625,6487.06005859375,6457.83984375,6481.39990234375,4143680000,6481.39990234375
^GSPC,2025-08-28,6483.83984375,6508.22998046875,6466.9599609375,6501.85986328125,4283760000,6501.85986328125
^GSPC,2025-08-29,6489.27978515625,6491.759765625,6444.56982421875,6460.259765625,4234840000,6460.259765625
^GSPC,2025-09-02,6401.509765625,6416.5400390625,6360.580078125,6415.5400390625,4784000000,6415.5400390625
^GSPC,2025-09-03,6445.81982421875,6453.669921875,6416.169921875,6448.259765625,4465360000,6448.259765625
^GSPC,2025-09-04,6456.60009765625,6502.5400390625,6445.97998046875,6502.080078125,4670770000,6502.080078125
^GSPC,2025-09-05,6529.080078125,6532.64990234375,6443.97998046875,6481.5,5066120000,6481.5
^GSPC,2025-09-08,6498.08984375,6508.669921875,6483.2900390625,6495.14990234375,5211500000,6495.14990234375
^GSPC,2025-09-09,6503.330078125,6518.22998046875,6483.080078125,6512.60986328125,4798350000,6512.60986328125
^GSPC,2025-09-10,6550.2900390625,6555.97021484375,6516.33984375,6532.0400390625,5253010000,6532.0400390625
^GSPC,2025-09-11,6554.41015625,6592.89013671875,6545.7998046875,6587.47021484375,5426460000,6587.47021484375
^GSPC,2025-09-12,6590.66015625,6600.2099609375,6579.490234375,6584.2900390625,4641640000,6584.2900390625
^GSPC,2025-09-15,6603.490234375,6619.6201171875,6602.06982421875,6615.27978515625,5045020000,6615.27978515625
^GSPC,2025-09-16,6624.1298828125,6626.990234375,6600.10986328125,6606.759765625,5359510000,6606.759765625
^GSPC,2025-09-17,6604.8701171875,6624.39013671875,6551.14990234375,6600.35009765625,5805340000,6600.35009765625
^GSPC,2025-09-18,6626.85009765625,6656.7998046875,6611.89013671875,6631.9599609375,5292400000,6631.9599609375
^GSPC,2025-09-19,6647.10986328125,6671.81982421875,6630.31005859375,6664.35986328125,9125960000,6664.35986328125
^GSPC,2025-09-22,6654.27978515625,6698.8798828125,6648.06982421875,6693.75,5642620000,6693.75
^GSPC,2025-09-23,6692.43994140625,6699.52001953125,6645.580078125,6656.919921875,5633620000,6656.919921875
^GSPC,2025-09-24,6669.7900390625,6672.66015625,6621.759765625,6637.97021484375,5459180000,6637.97021484375
^GSPC,2025-09-25,6608.18994140625,6619,6569.22021484375,6604.72021484375,5874670000,6604.72021484375
^GSPC,2025-09-26,6615.3798828125,6648.97021484375,6604.43017578125,6643.7001953125,5103110000,6643.7001953125
^GSPC,2025-09-29,6661.580078125,6677.31005859375,6644.490234375,6661.2099609375,5358760000,6661.2099609375
^GSPC,2025-09-30,6656.18994140625,6691.25,6641,6688.4599609375,6057210000,6688.4599609375
^GSPC,2025-10-01,6664.919921875,6718.47998046875,6656.2001953125,6711.2001953125,6037950000,6711.2001953125
^GSPC,2025-10-02,6731.31005859375,6731.93994140625,6693.22998046875,6715.35009765625,5416130000,6715.35009765625
^GSPC,2025-10-03,6722.14013671875,6750.8701171875,6705.669921875,6715.7900390625,5713110000,6715.7900390625
^GSPC,2025-10-06,6733.85986328125,6749.52001953125,6717.77978515625,6740.27978515625,5604460000,6740.27978515625
^GSPC,2025-10-07,6746.14013671875,6754.490234375,6699.9599609375,6714.58984375,5546150000,6714.58984375
^GSPC,2025-10-08,6723.8701171875,6755.64013671875,6718.08984375,6753.72021484375,5383130000,6753.72021484375
^GSPC,2025-10-09,6760.5,6764.580078125,6716.169921875,6735.10986328125,5385020000,6735.10986328125
^GSPC,2025-10-10,6740.490234375,6762.39990234375,6550.77978515625,6552.509765625,6596610000,6552.509765625
^GSPC,2025-10-13,6622.52978515625,6668.68017578125,6620.7099609375,6654.72021484375,5303960000,6654.72021484375
^GSPC,2025-10-14,6602.490234375,6680.7001953125,6555.06982421875,6644.31005859375,5666920000,6644.31005859375
^GSPC,2025-10-15,6688.27001953125,6724.1201171875,6612.10986328125,6671.06005859375,5633060000,6671.06005859375
^GSPC,2025-10-16,6689.02001953125,6709.33984375,6593.990234375,6629.06982421875,6048180000,6629.06982421875
^GSPC,2025-10-17,6613.27001953125,6678.8798828125,6603.759765625,6664.009765625,5358120000,6664.009765625
^GSPC,2025-10-20,6690.0498046875,6744.35009765625,6690.0498046875,6735.1298828125,4672170000,6735.1298828125
^GSPC,2025-10-21,6736.75,6752.16015625,6722.02978515625,6735.35009765625,5245020000,6735.35009765625
^GSPC,2025-10-22,6741.33984375,6741.75,6655.68994140625,6699.39990234375,5710010000,6699.39990234375
^GSPC,2025-10-23,6703.64990234375,6749.52978515625,6700.14013671875,6738.43994140625,5565750000,6738.43994140625
^GSPC,2025-10-24,6772.06982421875,6807.10986328125,6772.06982421875,6791.68994140625,5058220000,6791.68994140625
^GSPC,2025-10-27,6845.4599609375,6877.27978515625,6843.93994140625,6875.16015625,5290650000,6875.16015625
^GSPC,2025-10-28,6897.740234375,6911.2998046875,6870.72998046875,6890.89013671875,5695930000,6890.89013671875
^GSPC,2025-10-29,6910.9501953125,6920.33984375,6851.91015625,6890.58984375,6280130000,6890.58984375
^GSPC,2025-10-30,6860.5,6880.75,6820.68994140625,6822.33984375,6052700000,6822.33984375
^GSPC,2025-10-31,6879.169921875,6879.169921875,6814.259765625,6840.2001953125,6398280000,6840.2001953125
^GSPC,2025-11-03,6882.31982421875,6882.31982421875,6820.6201171875,6851.97021484375,6065720000,6851.97021484375
^GSPC,2025-11-04,6788.52001953125,6820.2099609375,6766.7099609375,6771.5498046875,5739510000,6771.5498046875
^GSPC,2025-11-05,6769.77001953125,6829.77978515625,6763.10986328125,6796.2900390625,5939600000,6796.2900390625
^GSPC,2025-11-06,6787.58984375,6796.68017578125,6707.509765625,6720.31982421875,6051900000,6720.31982421875
^GSPC,2025-11-07,6696.18017578125,6730.10986328125,6631.43994140625,6728.7998046875,5926070000,6728.7998046875
^GSPC,2025-11-10,6785.35986328125,6841.31982421875,6770.56005859375,6832.43017578125,5366050000,6832.43017578125
^GSPC,2025-11-11,6815.64013671875,6855.1298828125,6806.8701171875,6846.60986328125,4983490000,6846.60986328125
^GSPC,2025-11-12,6867.77001953125,6869.91015625,6829.6201171875,6850.919921875,5293610000,6850.919921875
^GSPC,2025-11-13,6826.47021484375,6828.0498046875,6724.72021484375,6737.490234375,5473720000,6737.490234375
^GSPC,2025-11-14,6672.14013671875,6774.31005859375,6646.8701171875,6734.10986328125,5042660000,6734.10986328125
^GSPC,2025-11-17,6713.60986328125,6754.5,6638.89990234375,6672.41015625,5204220000,6672.41015625
^GSPC,2025-11-18,6641.18994140625,6666.6298828125,6574.31982421875,6617.31982421875,5159390000,6617.31982421875
^GSPC,2025-11-19,6625.83984375,6689.75,6603.5,6642.16015625,5021610000,6642.16015625
^GSPC,2025-11-20,6737.93017578125,6770.35009765625,6534.0498046875,6538.759765625,5596080000,6538.759765625
^GSPC,2025-11-21,6555.77001953125,6660.0498046875,6521.919921875,6602.990234375,5929930000,6602.990234375
^GSPC,2025-11-24,6636.5400390625,6715.75,6630.7001953125,6705.1201171875,6039740000,6705.1201171875
^GSPC,2025-11-25,6697.02978515625,6776.39990234375,6659.97998046875,6765.8798828125,5003330000,6765.8798828125
^GSPC,2025-11-26,6793.5498046875,6831.43994140625,6783.8701171875,6812.60986328125,4485000000,6812.60986328125
^GSPC,2025-11-28,6822.52001953125,6850.85986328125,6819.75,6849.08984375,2558540000,6849.08984375
^GSPC,2025-12-01,6812.2998046875,6843.64990234375,6799.93994140625,6812.6298828125,4549370000,6812.6298828125
^GSPC,2025-12-02,6830.9599609375,6851.5498046875,6806.7099609375,6829.3701171875,4582290000,6829.3701171875
^GSPC,2025-12-03,6815.2900390625,6862.419921875,6810.43017578125,6849.72021484375,4736780000,6849.72021484375
^GSPC,2025-12-04,6866.47021484375,6866.47021484375,6827.1201171875,6857.1201171875,4872440000,6857.1201171875
^GSPC,2025-12-05,6866.31982421875,6895.77978515625,6858.2900390625,6870.39990234375,4944560000,6870.39990234375
^GSPC,2025-12-08,6875.2001953125,6878.27001953125,6827.18994140625,6846.509765625,4757130000,6846.509765625
^GSPC,2025-12-09,6840.60986328125,6864.919921875,6837.43017578125,6840.509765625,4508050000,6840.509765625
^GSPC,2025-12-10,6833.490234375,6900.669921875,6824.68994140625,6886.68017578125,5526570000,6886.68017578125
^GSPC,2025-12-11,6861.2998046875,6903.4599609375,6833.4501953125,6901,5021060000,6901
^GSPC,2025-12-12,6886.85009765625,6899.85009765625,6801.7900390625,6827.41015625,4910160000,6827.41015625
^GSPC,2025-12-15,6860.18994140625,6861.58984375,6801.490234375,6816.509765625,4975600000,6816.509765625
^GSPC,2025-12-16,6800.1201171875,6819.27001953125,6759.740234375,6800.259765625,4983180000,6800.259765625
^GSPC,2025-12-17,6802.8798828125,6812.259765625,6720.43017578125,6721.43017578125,5122120000,6721.43017578125
^GSPC,2025-12-18,6778.06005859375,6816.1298828125,6758.5,6774.759765625,5101190000,6774.759765625
^GSPC,2025-12-19,6792.6201171875,6840.02001953125,6792.6201171875,6834.5,8554470000,6834.5
^GSPC,2025-12-22,6865.2099609375,6882.02978515625,6855.740234375,6878.490234375,4465030000,6878.490234375
^GSPC,2025-12-23,6872.41015625,6910.8798828125,6868.81005859375,6909.7900390625,3820560000,6909.7900390625
^GSPC,2025-12-24,6904.91015625,6937.31982421875,6904.91015625,6932.0498046875,1798270000,6932.0498046875
^GSPC,2025-12-26,6936.02001953125,6945.77001953125,6921.60009765625,6929.93994140625,2586550000,6929.93994140625
^GSPC,2025-12-29,6903.60009765625,6920.2099609375,6888.759765625,6905.740234375,3541750000,6905.740234375
^GSPC,2025-12-30,6900.43994140625,6913.25,6893.47021484375,6896.240234375,3309930000,6896.240234375
^GSPC,2025-12-31,6898.81982421875,6901.419921875,6844.5498046875,6845.5,3261830000,6845.5
^GSPC,2026-01-02,6878.10986328125,6894.8701171875,6824.31005859375,6858.47021484375,4184120000,6858.47021484375
^GSPC,2026-01-05,6892.18994140625,6920.3798828125,6891.56005859375,6902.0498046875,5771930000,6902.0498046875
^GSPC,2026-01-06,6908.02978515625,6948.68994140625,6904.02001953125,6944.81982421875,5509680000,6944.81982421875
^GSPC,2026-01-07,6945.06982421875,6965.68994140625,6919.18994140625,6920.93017578125,5214480000,6920.93017578125
^GSPC,2026-01-08,6914.10986328125,6931.27978515625,6899.330078125,6921.4599609375,5333200000,6921.4599609375
^GSPC,2026-01-09,6927.830078125,6978.35986328125,6917.64013671875,6966.27978515625,5163900000,6966.27978515625
^GSPC,2026-01-12,6944.1201171875,6986.330078125,6934.06982421875,6977.27001953125,5019040000,6977.27001953125
^GSPC,2026-01-13,6977.41015625,6985.830078125,6938.77001953125,6963.740234375,5091730000,6963.740234375
^GSPC,2026-01-14,6937.41015625,6941.2998046875,6885.740234375,6926.60009765625,5530830000,6926.60009765625
